Area_m2,Rooms_noisy,Floor_num_noisy,Parking_num_noisy,Municipality_score,Type_str_Novogradnja,Type_str_Ostalo,Type_str_Stara gradnja,Condition_str_Izvorno stanje,Condition_str_Lux,Condition_str_Ostalo,Condition_str_Renovirano,Condition_str_Za renoviranje,Heating_str_CG,Heating_str_EG,Heating_str_Ostalo,Heating_str_Podno,Heating_str_TA,Heating_str_Toplotne pumpe,Price_per_m2
65.0,2.4749080237694727,0.9584106806114997,1.0361785621013517,3,False,False,True,False,False,False,True,False,False,False,False,True,False,False,3767.6923076923076
220.0,5.090142861281983,1.0200969131459119,2.044611546213363,2,True,False,False,False,True,False,False,False,True,False,False,False,False,False,3177.2727272727275
67.0,2.046398788362281,-0.04272369936358065,-0.012669068372024708,7,False,False,True,False,True,False,False,False,True,False,False,False,False,False,3955.223880597015
45.25,1.5197316968394072,1.0321860059290355,-0.022925532685644623,4,True,False,False,True,False,False,False,False,False,True,False,False,False,False,2651.9337016574586
25.0,0.4312037280884873,1.0206242227156497,0.014399954323901579,3,True,False,False,False,False,True,False,False,False,True,False,False,False,False,2460.0
81.0,2.9311989040672404,-0.041865121935810025,-0.00912658289019036,4,True,False,False,False,False,True,False,False,False,False,True,False,False,False,3271.604938271605
86.0,3.91161672243364,0.9584837714085191,0.9525386355660345,3,True,False,False,False,True,False,False,False,True,False,False,False,False,False,3818.1744186046512
76.0,3.073235229154987,1.0486639578501176,-0.03438474026338097,2,False,False,True,False,False,False,False,True,False,False,False,False,True,False,1973.6842105263158
45.25,1.5202230023486418,0.987427079575612,0.021597222884739753,4,True,False,False,True,False,False,False,False,False,True,False,False,False,False,2651.9337016574586
53.0,2.041614515559209,0.987064214706689,1.0158923941910152,4,True,False,False,False,True,False,False,False,False,False,False,True,False,False,3500.0
25.0,0.40411689885916047,1.0312799567257502,-0.047290400749651657,3,True,False,False,False,False,True,False,False,False,True,False,False,False,False,2460.0
65.0,3.5939819704323988,1.0447248577383859,-0.027802783806705058,7,False,True,False,False,False,True,False,False,True,False,False,False,False,False,3923.076923076923
53.0,3.066488528160084,1.0486001063822872,1.973107479658807,3,False,True,False,False,True,False,False,False,False,False,False,True,False,False,1996.9811320754718
77.0,2.9424678221356553,1.0253378185258941,0.017189274359872844,6,False,False,True,False,True,False,False,False,False,False,False,False,False,True,4740.25974025974
86.0,3.93636499344142,0.9876259585530915,0.9519710537754364,3,True,False,False,False,True,False,False,False,True,False,False,False,False,False,3818.1744186046512
71.0,2.9366809019706865,0.9583500716698669,0.9604108581984574,4,True,False,False,False,True,False,False,False,False,True,False,False,False,False,3211.2676056338028
25.0,0.46084844859190754,1.0277146915927438,0.029991608537318942,3,True,False,False,False,False,True,False,False,False,True,False,False,False,False,2460.0
76.0,3.0049512863264476,1.0058404249735804,-0.03214553379456664,2,False,False,True,False,False,False,False,True,False,False,False,False,True,False,1973.6842105263158
223.0,4.986389003728423,-0.007577799075302372,1.0152746107851875,7,True,False,False,False,True,False,False,False,False,False,False,False,False,True,6721.52466367713
220.0,4.958245828039608,1.0406354385094736,1.9738182781046727,2,True,False,False,False,True,False,False,False,True,False,False,False,False,False,3177.2727272727275
86.0,4.022370578944476,0.9611197482306151,0.9599441392759345,3,True,False,False,False,True,False,False,False,True,False,False,False,False,False,3818.1744186046512
65.0,2.4278987721304084,0.9992625104290859,0.9743172190999454,3,False,False,True,False,False,False,True,False,False,False,False,True,False,False,3767.6923076923076
127.0,3.9584289297070434,-0.04886463552325809,0.022226693185565916,6,False,False,True,True,False,False,False,False,False,False,False,False,True,False,3425.196850393701
71.0,2.9732723686587383,0.9968660641994126,1.0355696468106286,4,True,False,False,False,True,False,False,False,False,True,False,False,False,False,3211.2676056338028
53.0,1.9912139968434073,0.9556303275681838,1.0330219864566992,4,True,False,False,False,True,False,False,False,False,False,False,True,False,False,3500.0
220.0,5.057035192278603,0.9618817916268072,1.9897183529618454,2,True,False,False,False,True,False,False,False,True,False,False,False,False,False,3177.2727272727275
25.0,0.43993475643167196,0.9617526246777105,0.016808513657064622,3,True,False,False,False,False,True,False,False,False,True,False,False,False,False,2460.0
81.0,3.0028468876827223,0.01492103021160636,-0.029501570458417906,4,True,False,False,False,False,True,False,False,False,False,True,False,False,False,3271.604938271605
45.25,1.5184829137724085,1.0246044879265424,-0.020685226973898675,4,True,False,False,True,False,False,False,False,False,True,False,False,False,False,2651.9337016574586
98.42,3.9092900825439996,1.008336876509716,1.039633581852112,7,True,False,False,False,True,False,False,False,False,False,False,False,False,True,3800.0
33.0,1.0215089703802878,1.0462172548474542,-0.048699807648926396,4,False,True,False,False,False,True,False,False,True,False,False,False,False,False,2696.969696969697
127.0,3.9341048247374584,-0.012512942047629594,-0.041449146914553196,6,False,False,True,True,False,False,False,False,False,False,False,False,True,False,3425.196850393701
58.0,2.9130103185970557,0.978571208628186,-0.02921137448539727,4,True,False,False,False,False,True,False,False,False,False,True,False,False,False,3086.206896551724
65.0,2.589777107450667,1.036859912818946,0.952653220387382,3,False,False,True,False,False,False,True,False,False,False,False,True,False,False,3767.6923076923076
71.0,3.093126406614912,0.9723595838519452,0.9681435435089797,4,True,False,False,False,True,False,False,False,False,True,False,False,False,False,3211.2676056338028
98.42,4.061679469623292,1.046322253944061,1.0083041560969692,7,True,False,False,False,True,False,False,False,False,False,False,False,False,True,3800.0
67.0,1.960922753834674,-0.04878455253101837,-0.007857544940750208,7,False,False,True,False,True,False,False,False,True,False,False,False,False,False,3955.223880597015
81.0,2.9195344228012767,0.04698788267076391,0.03926717110769749,4,True,False,False,False,False,True,False,False,False,False,True,False,False,False,3271.604938271605
108.0,4.036846605302431,0.9543159911950576,0.03174435617384409,5,True,False,False,True,False,False,False,False,True,False,False,False,False,False,3694.4444444444443
72.0,2.4880304987479205,1.0391143113698071,-0.015818264830212404,1,False,True,False,False,False,False,True,False,True,False,False,False,False,False,2513.8888888888887
76.0,2.9244076469689557,1.00277011090863,-0.024057656656870752,2,False,False,True,False,False,False,False,True,False,False,False,False,True,False,1973.6842105263158
127.0,3.999035382022254,0.04929647961193004,-0.012030759183273308,6,False,False,True,True,False,False,False,False,False,False,False,False,True,False,3425.196850393701
220.0,4.906877704223044,0.9573796564735398,2.0090294942514806,2,True,False,False,False,True,False,False,False,True,False,False,False,False,False,3177.2727272727275
53.0,2.081864080415756,1.005385428440132,0.9768063640822876,4,True,False,False,False,True,False,False,False,False,False,False,True,False,False,3500.0
72.0,2.4517559963200033,1.0469302535619098,0.012414890784913403,1,False,True,False,False,False,False,True,False,True,False,False,False,False,False,2513.8888888888887
220.0,5.032504456870797,1.0023097844170148,1.990941165219124,2,True,False,False,False,True,False,False,False,True,False,False,False,False,False,3177.2727272727275
71.0,2.962342215217882,1.0129398638135263,1.005204718085198,4,True,False,False,False,True,False,False,False,False,True,False,False,False,False,3211.2676056338028
127.0,4.0040136042355625,0.019574868898461717,-0.006387347086468334,6,False,False,True,True,False,False,False,False,False,False,False,False,True,False,3425.196850393701
98.42,4.009342055868656,0.9954541064767773,0.9794465759541917,7,True,False,False,False,True,False,False,False,False,False,False,False,False,True,3800.0
76.0,2.9369708911051053,1.0127558080084063,0.04484533069621567,2,False,False,True,False,False,False,False,True,False,False,False,False,True,False,1973.6842105263158
25.0,0.5939169255529118,1.00843143119231,0.026360579415976082,3,True,False,False,False,False,True,False,False,False,True,False,False,False,False,2460.0
53.0,2.055026564672223,1.040115801049099,0.9640113175766453,4,True,False,False,False,True,False,False,False,False,False,False,True,False,False,3500.0
33.0,1.0878997883128378,0.9545446380341458,0.036846797589791286,4,False,True,False,False,False,True,False,False,True,False,False,False,False,False,2696.969696969697
53.0,2.07896547008553,0.978096318959223,0.9987431198249513,4,True,False,False,False,True,False,False,False,False,False,False,True,False,False,3500.0
25.0,0.519579995762217,1.0450411484076558,0.03945522268940914,3,True,False,False,False,False,True,False,False,False,True,False,False,False,False,2460.0
220.0,5.084374847004623,1.0390263783890916,2.0299855255947317,2,True,False,False,False,True,False,False,False,True,False,False,False,False,False,3177.2727272727275
223.0,4.917698500410384,-0.004434324721428705,0.9925213504469234,7,True,False,False,False,True,False,False,False,False,False,False,False,False,True,6721.52466367713
76.0,2.939196572483829,1.0120132597801537,-0.047753069167988264,2,False,False,True,False,False,False,False,True,False,False,False,False,True,False,1973.6842105263158
67.0,1.9090454577821077,-0.022261881701886733,-0.023132264061505394,7,False,False,True,False,True,False,False,False,True,False,False,False,False,False,3955.223880597015
53.0,2.965066066152653,0.9688121159723762,2.0041634214660866,3,False,True,False,False,True,False,False,False,False,False,False,True,False,False,1996.9811320754718
127.0,3.9777354579378965,-0.003630159506001783,0.013347821982614722,6,False,False,True,True,False,False,False,False,False,False,False,False,True,False,3425.196850393701
45.25,1.4542698063547792,0.9853352228026053,-0.024211231456679774,4,True,False,False,True,False,False,False,False,False,True,False,False,False,False,2651.9337016574586
67.0,2.0657475018303857,0.008365611185087204,-0.03606439259271759,7,False,False,True,False,True,False,False,False,True,False,False,False,False,False,3955.223880597015
53.0,2.971350665338718,0.9577734636964985,2.03349302367993,3,False,True,False,False,True,False,False,False,False,False,False,True,False,False,1996.9811320754718
76.0,2.956186901937476,1.0474394807666167,0.048440218070355215,2,False,False,True,False,False,False,False,True,False,False,False,False,True,False,1973.6842105263158
77.0,3.00853921663165,1.0486210744479603,0.0025690182302685813,6,False,False,True,False,True,False,False,False,False,False,False,False,False,True,4740.25974025974
58.0,2.9281848449949526,1.0198161714019744,-0.03283207141516965,4,True,False,False,False,False,True,False,False,False,False,True,False,False,False,3086.206896551724
25.0,0.560439396150808,1.003609636634412,-0.022769267348063105,3,True,False,False,False,False,True,False,False,False,True,False,False,False,False,2460.0
127.0,3.9149101287359542,-0.019047238371367226,-0.04816093234525333,6,False,False,True,True,False,False,False,False,False,False,False,False,True,False,3425.196850393701
220.0,5.097377387320104,1.0313795019706948,2.04142988065605,2,True,False,False,False,True,False,False,False,True,False,False,False,False,False,3177.2727272727275
72.0,2.5544489538593314,1.018473117255388,-0.03822489171098589,1,False,True,False,False,False,False,True,False,True,False,False,False,False,False,2513.8888888888887
45.25,1.4397431363068345,0.9662616939344891,0.007651647551425354,4,True,False,False,True,False,False,False,False,False,True,False,False,False,False,2651.9337016574586
127.0,3.9011044234247203,0.04109271844938425,-0.022594477931279403,6,False,False,True,True,False,False,False,False,False,False,False,False,True,False,3425.196850393701
223.0,5.063092285690967,0.032253724292316904,1.0054178002515792,7,True,False,False,False,True,False,False,False,False,False,False,False,False,True,6721.52466367713
33.0,1.0413714687695235,1.0449799913291924,0.015142038835186417,4,False,True,False,False,False,True,False,False,True,False,False,False,False,False,2696.969696969697
53.0,2.0458014336081973,1.022571950838836,1.0329741803707202,4,True,False,False,False,True,False,False,False,False,False,False,True,False,False,3500.0
86.0,4.05425406933719,1.011341519593579,0.9706421271760604,3,True,False,False,False,True,False,False,False,True,False,False,False,False,False,3818.1744186046512
220.0,4.914808930346818,0.9918243036290619,1.951099582865848,2,True,False,False,False,True,False,False,False,True,False,False,False,False,False,3177.2727272727275
98.42,3.9716931457088545,1.0432728483354012,0.9636885630068808,7,True,False,False,False,True,False,False,False,False,False,False,False,False,True,3800.0
81.0,2.923173811905026,0.03660638895004084,0.04000186418481051,4,True,False,False,False,False,True,False,False,False,False,True,False,False,False,3271.604938271605
25.0,0.5726206851751188,0.9545218670106189,0.03738900775625152,3,True,False,False,False,False,True,False,False,False,True,False,False,False,False,2460.0
76.0,3.0246596253655116,0.9526366974497252,0.009741310217030827,2,False,False,True,False,False,False,False,True,False,False,False,False,True,False,1973.6842105263158
58.0,2.96617960497053,0.987646336687805,0.010051686043365336,4,True,False,False,False,False,True,False,False,False,False,True,False,False,False,3086.206896551724
81.0,2.9127116700572047,0.031055333078183298,0.016503667454625545,4,True,False,False,False,False,True,False,False,False,False,True,False,False,False,3271.604938271605
65.0,2.4621964643431324,1.0487276129314944,0.9675371278623449,3,False,False,True,False,False,False,True,False,False,False,False,True,False,False,3767.6923076923076
223.0,4.96503666440535,-0.03495831088964718,1.041441194592496,7,True,False,False,False,True,False,False,False,False,False,False,False,False,True,6721.52466367713
77.0,3.045921235667613,1.0094130715352134,-0.008122947510792691,6,False,False,True,False,True,False,False,False,False,False,False,False,False,True,4740.25974025974
53.0,3.027511494271043,0.9880890856631022,1.9883138528249498,3,False,True,False,False,True,False,False,False,False,False,False,True,False,False,1996.9811320754718
65.0,3.577442548515265,1.0469914397814604,0.001891770528283751,7,False,True,False,False,False,True,False,False,True,False,False,False,False,False,3923.076923076923
33.0,0.9944429850323898,1.0342118923135708,-0.045303403322494495,4,False,True,False,False,False,True,False,False,True,False,False,False,False,False,2696.969696969697
108.0,3.92391884918766,1.0338328704711137,-0.03337166312439206,5,True,False,False,True,False,False,False,False,True,False,False,False,False,False,3694.4444444444443
98.42,4.042648957444599,0.996869315979497,1.023803361642637,7,True,False,False,False,True,False,False,False,False,False,False,False,False,True,3800.0
71.0,3.0521570097233797,0.9914819502337665,0.9582798667925126,4,True,False,False,False,True,False,False,False,False,True,False,False,False,False,3211.2676056338028
127.0,4.0122554395139,-0.02265929280692938,0.010315210946638821,6,False,False,True,True,False,False,False,False,False,False,False,False,True,False,3425.196850393701
65.0,2.5541934359909124,0.9556375496650927,0.974534910968132,3,False,False,True,False,False,False,True,False,False,False,False,True,False,False,3767.6923076923076
53.0,1.9987591192728782,1.0364722376255053,0.9889295614041976,4,True,False,False,False,True,False,False,False,False,False,False,True,False,False,3500.0
108.0,4.004546565876399,1.0312901009130078,-0.021130626322930016,5,True,False,False,True,False,False,False,False,True,False,False,False,False,False,3694.4444444444443
53.0,2.98550820367171,1.049971767328613,1.985567271646495,3,False,True,False,False,True,False,False,False,False,False,False,True,False,False,1996.9811320754718
65.0,3.405083825348819,1.0496636837073905,0.021904590518424555,7,False,True,False,False,False,True,False,False,True,False,False,False,False,False,3923.076923076923
58.0,2.921578285398661,1.0055431705602627,-0.0202878284376825,4,True,False,False,False,False,True,False,False,False,False,True,False,False,False,3086.206896551724
223.0,4.906285837137347,0.02689874151805105,1.0066404640296898,7,True,False,False,False,True,False,False,False,False,False,False,False,False,True,6721.52466367713
67.0,2.027282082252756,0.0444765729882428,-0.0023949597800900363,7,False,False,True,False,True,False,False,False,True,False,False,False,False,False,3955.223880597015
53.0,2.962871196215265,1.0349647390677412,2.016367116536265,3,False,True,False,False,True,False,False,False,False,False,False,True,False,False,1996.9811320754718
108.0,4.00171413823294,0.9747348101743197,0.043682973932475805,5,True,False,False,True,False,False,False,False,True,False,False,False,False,False,3694.4444444444443
220.0,5.081513294785219,0.9950544135310093,2.023257209721025,2,True,False,False,False,True,False,False,False,True,False,False,False,False,False,3177.2727272727275
81.0,2.949858445829775,-0.0370840584848505,-0.028505962140924324,4,True,False,False,False,False,True,False,False,False,False,True,False,False,False,3271.604938271605
98.42,3.982076584607126,1.0454051027258722,0.9531183135061285,7,True,False,False,False,True,False,False,False,False,False,False,False,False,True,3800.0
58.0,3.0511102277086097,1.010617463445088,-0.023773595570017493,4,True,False,False,False,False,True,False,False,False,False,True,False,False,False,3086.206896551724
45.25,1.4457596330983244,0.9728642805503462,0.009507793070025486,4,True,False,False,True,False,False,False,False,False,True,False,False,False,False,2651.9337016574586
76.0,2.9153959819657587,1.0171700684405858,-0.04485741865157497,2,False,False,True,False,False,False,False,True,False,False,False,False,True,False,1973.6842105263158
127.0,3.9579502905827537,0.01181282404578958,-0.00036337527987636425,6,False,False,True,True,False,False,False,False,False,False,False,False,True,False,3425.196850393701
33.0,0.9322442574508009,0.985816271803284,0.009684284891688918,4,False,True,False,False,False,True,False,False,True,False,False,False,False,False,2696.969696969697
108.0,4.085939530468514,0.9613557592199629,-0.016575610918303917,5,True,False,False,True,False,False,False,False,True,False,False,False,False,False,3694.4444444444443
53.0,3.061624075912883,1.01715731955928,2.027091220374582,3,False,True,False,False,True,False,False,False,False,False,False,True,False,False,1996.9811320754718
223.0,5.026680751302084,0.00203077009037933,0.9606598253133771,7,True,False,False,False,True,False,False,False,False,False,False,False,False,True,6721.52466367713
67.0,2.0742921180375435,0.027231839173563935,-0.042486221826419125,7,False,False,True,False,True,False,False,False,True,False,False,False,False,False,3955.223880597015
220.0,5.060734415379823,1.0020163501111994,2.0228188756203602,2,True,False,False,False,True,False,False,False,True,False,False,False,False,False,3177.2727272727275
65.0,3.437314011777207,1.035218150031854,-0.0004508683793801524,7,False,True,False,False,False,True,False,False,True,False,False,False,False,False,3923.076923076923
65.0,2.5785117996979956,1.0051906838774485,1.0188402396427736,3,False,False,True,False,False,False,True,False,False,False,False,True,False,False,3767.6923076923076
72.0,2.50786844838313,1.0060937971535386,-0.0065172661396253745,1,False,True,False,False,False,False,True,False,True,False,False,False,False,False,2513.8888888888887
223.0,5.0614880310328125,0.0376653602658345,0.9746402033239107,7,True,False,False,False,True,False,False,False,False,False,False,False,False,True,6721.52466367713
98.42,4.079218259984699,0.9903482866212397,1.03191023176742,7,True,False,False,False,True,False,False,False,False,False,False,False,False,True,3800.0
25.0,0.4636006949943728,0.9634015228450641,0.029941587896897923,3,True,False,False,False,False,True,False,False,False,True,False,False,False,False,2460.0
108.0,3.922010384905535,0.9528782676313339,0.019469647085442673,5,True,False,False,True,False,False,False,False,True,False,False,False,False,False,3694.4444444444443
45.25,1.4455870325083884,1.0255137255673619,-0.022785486277003733,4,True,False,False,True,False,False,False,False,False,True,False,False,False,False,2651.9337016574586
86.0,3.9854215577252514,1.0120309551353466,1.0090230666869087,3,True,False,False,False,True,False,False,False,True,False,False,False,False,False,3818.1744186046512
77.0,3.063602953184499,1.0204079768099223,-0.01390261030599732,6,False,False,True,False,True,False,False,False,False,False,False,False,False,True,4740.25974025974
53.0,2.0721461166512687,0.971296416150891,0.9591582073326634,4,True,False,False,False,True,False,False,False,False,False,False,True,False,False,3500.0
81.0,2.901390426106238,-0.03636285244132303,0.041731357546224285,4,True,False,False,False,False,True,False,False,False,False,True,False,False,False,3271.604938271605
86.0,4.002149460515513,0.9514544665667882,0.9636818630918962,3,True,False,False,False,True,False,False,False,True,False,False,False,False,False,3818.1744186046512
108.0,3.983482200629756,0.9850587558806597,0.04502373538208025,5,True,False,False,True,False,False,False,False,True,False,False,False,False,False,3694.4444444444443
65.0,2.444421562094146,1.0089917686854633,0.9946005772957955,3,False,False,True,False,False,False,True,False,False,False,False,True,False,False,3767.6923076923076
76.0,2.9239730734667364,0.9892244045099732,-0.03148670711613803,2,False,False,True,False,False,False,False,True,False,False,False,False,True,False,1973.6842105263158
65.0,3.4675230342807257,0.9937474922023729,0.004190094737835812,7,False,True,False,False,False,True,False,False,True,False,False,False,False,False,3923.076923076923
127.0,4.088581940782504,0.04041586944937485,0.03729458358764083,6,False,False,True,True,False,False,False,False,False,False,False,False,True,False,3425.196850393701
108.0,3.964640586404151,0.98482554670233,0.02322248864095612,5,True,False,False,True,False,False,False,False,True,False,False,False,False,False,3694.4444444444443
223.0,5.003758124348673,0.0013989489159810797,1.030656114786145,7,True,False,False,False,True,False,False,False,False,False,False,False,False,True,6721.52466367713
65.0,2.5406037917790356,1.0283653012741143,1.0158783366710717,3,False,False,True,False,False,False,True,False,False,False,False,True,False,False,3767.6923076923076
67.0,1.9727259204758587,-0.010345721767872983,0.019227656451785244,7,False,False,True,False,True,False,False,False,True,False,False,False,False,False,3955.223880597015
58.0,3.0943564165441924,1.0122086700227872,0.034919565156531926,4,True,False,False,False,False,True,False,False,False,False,True,False,False,False,3086.206896551724
33.0,1.0924894589884222,1.0362363708746745,-0.025033199114081407,4,False,True,False,False,False,True,False,False,True,False,False,False,False,False,2696.969696969697
65.0,3.450356459165073,1.0449520623657642,-0.0010575036356859496,7,False,True,False,False,False,True,False,False,True,False,False,False,False,False,3923.076923076923
53.0,1.999449701178477,0.9647073480929038,0.9721209441819603,4,True,False,False,False,True,False,False,False,False,False,False,True,False,False,3500.0
81.0,2.960175661963354,0.042658762516149445,0.04876680079966471,4,True,False,False,False,False,True,False,False,False,False,True,False,False,False,3271.604938271605
67.0,1.9569680988754936,-0.0007883706920461808,0.044405933968661326,7,False,False,True,False,True,False,False,False,True,False,False,False,False,False,3955.223880597015
72.0,2.4073773894709065,0.9758244388298958,-0.04605731886314941,1,False,True,False,False,False,False,True,False,True,False,False,False,False,False,2513.8888888888887
58.0,3.0219128667959794,0.9959135756238261,0.020557517251568846,4,True,False,False,False,False,True,False,False,False,False,True,False,False,False,3086.206896551724
86.0,4.000535804645772,1.0480032575285476,1.0425248317415665,3,True,False,False,False,True,False,False,False,True,False,False,False,False,False,3818.1744186046512
98.42,3.9102957502499978,0.999261809399287,0.9680575345127334,7,True,False,False,False,True,False,False,False,False,False,False,False,False,True,3800.0
25.0,0.4557292928473223,0.9828751610287508,0.006794523055262944,3,True,False,False,False,False,True,False,False,False,True,False,False,False,False,2460.0
65.0,2.581653177193331,1.0133400854316725,1.0415488297588043,3,False,False,True,False,False,False,True,False,False,False,False,True,False,False,3767.6923076923076
77.0,2.9479123781333945,0.9740145618778193,-0.046605402141420116,6,False,False,True,False,True,False,False,False,False,False,False,False,False,True,4740.25974025974
108.0,3.9289789744182446,0.9575863328108664,0.01974202672468399,5,True,False,False,True,False,False,False,False,True,False,False,False,False,False,3694.4444444444443
98.42,3.997890552055513,0.9628879721910649,0.9797349007372551,7,True,False,False,False,True,False,False,False,False,False,False,False,False,True,3800.0
81.0,3.09713009082212,-0.03719541610422276,0.042439619537653045,4,True,False,False,False,False,True,False,False,False,False,True,False,False,False,3271.604938271605
86.0,3.9484110543023,0.9651902693512294,1.0471058245165368,3,True,False,False,False,True,False,False,False,True,False,False,False,False,False,3818.1744186046512
76.0,3.0344271094811757,0.963882717264941,0.04442664891134339,2,False,False,True,False,False,False,False,True,False,False,False,False,True,False,1973.6842105263158
53.0,3.0523239230657433,1.0140874744803214,1.9974214216657464,3,False,True,False,False,True,False,False,False,False,False,False,True,False,False,1996.9811320754718
53.0,1.94752750879848,0.9681880084399145,1.0362042650989314,4,True,False,False,False,True,False,False,False,False,False,False,True,False,False,3500.0
223.0,5.045643269722372,-0.015433271667613678,1.034454939853507,7,True,False,False,False,True,False,False,False,False,False,False,False,False,True,6721.52466367713
65.0,2.4735566265438504,1.0396788409906013,0.9819100473243255,3,False,False,True,False,False,False,True,False,False,False,False,True,False,False,3767.6923076923076
67.0,2.026461166118716,-0.002603835973712762,0.03289154741506774,7,False,False,True,False,True,False,False,False,True,False,False,False,False,False,3955.223880597015
72.0,2.526705942152179,1.0167557738521027,-0.04629923652845074,1,False,True,False,False,False,False,True,False,True,False,False,False,False,False,2513.8888888888887
33.0,1.0071549368149517,0.967231987120163,0.009626987848205301,4,False,True,False,False,False,True,False,False,True,False,False,False,False,False,2696.969696969697
67.0,1.9180579540108817,-0.030771098119132922,-0.026999116271229695,7,False,False,True,False,True,False,False,False,True,False,False,False,False,False,3955.223880597015
81.0,3.0670604991178476,-0.04591313837335212,-0.03794331142227212,4,True,False,False,False,False,True,False,False,False,False,True,False,False,False,3271.604938271605
58.0,2.964156012994347,0.9668935063072165,-0.042304679837079084,4,True,False,False,False,False,True,False,False,False,False,True,False,False,False,3086.206896551724
53.0,2.937303702079971,0.9778590339031958,2.019628877587814,3,False,True,False,False,True,False,False,False,False,False,False,True,False,False,1996.9811320754718
25.0,0.4081550283109528,0.9677010484276747,-0.01601250362319339,3,True,False,False,False,False,True,False,False,False,True,False,False,False,False,2460.0
53.0,3.018178588637648,0.9588702533757055,2.022476677152876,3,False,True,False,False,True,False,False,False,False,False,False,True,False,False,1996.9811320754718
45.25,1.5355128723684566,0.9620635871100601,-0.04346436592010577,4,True,False,False,True,False,False,False,False,False,True,False,False,False,False,2651.9337016574586
53.0,1.9033175657855712,0.9960778768032725,0.981529033783061,4,True,False,False,False,True,False,False,False,False,False,False,True,False,False,3500.0
108.0,4.002418611659857,0.9706333718405793,0.0039491292375337245,5,True,False,False,True,False,False,False,False,True,False,False,False,False,False,3694.4444444444443
65.0,3.4452991550395877,0.9864269861048075,0.029072316483896354,7,False,True,False,False,False,True,False,False,True,False,False,False,False,False,3923.076923076923
86.0,4.02903455808189,1.0003417270854857,0.981875250293207,3,True,False,False,False,True,False,False,False,True,False,False,False,False,False,3818.1744186046512
127.0,3.9348732858009985,0.019039482862936524,0.012589137643700912,6,False,False,True,True,False,False,False,False,False,False,False,False,True,False,3425.196850393701
220.0,5.038187547620494,0.9539312139841098,2.038597774823619,2,True,False,False,False,True,False,False,False,True,False,False,False,False,False,3177.2727272727275
33.0,0.9773470692601075,1.0299410398909044,0.011586318818230454,4,False,True,False,False,False,True,False,False,True,False,False,False,False,False,2696.969696969697
25.0,0.587345997747347,1.0127900389490907,-0.026704052524636625,3,True,False,False,False,False,True,False,False,False,True,False,False,False,False,2460.0
53.0,1.9275041888291986,0.9581759031948872,0.9524400781556538,4,True,False,False,False,True,False,False,False,False,False,False,True,False,False,3500.0
33.0,0.9682132702100517,1.0373578624106776,0.03700988739009299,4,False,True,False,False,False,True,False,False,True,False,False,False,False,False,2696.969696969697
77.0,2.922694704248118,1.0420872400531813,-0.04787305891496129,6,False,False,True,False,True,False,False,False,False,False,False,False,False,True,4740.25974025974
98.42,4.084938723655712,0.9561077959854863,1.03747016726842,7,True,False,False,False,True,False,False,False,False,False,False,False,False,True,3800.0
45.25,1.5754678706761962,0.9776877648147204,0.002893713402721196,4,True,False,False,True,False,False,False,False,False,True,False,False,False,False,2651.9337016574586
67.0,1.951588325543031,0.030620127979306133,0.04390676985128962,7,False,False,True,False,True,False,False,False,True,False,False,False,False,False,3955.223880597015
86.0,4.031996809206836,1.0248259690383659,1.0298783235773665,3,True,False,False,False,True,False,False,False,True,False,False,False,False,False,3818.1744186046512
71.0,3.063444440040243,0.9684521019356377,1.0497934110533338,4,True,False,False,False,True,False,False,False,False,True,False,False,False,False,3211.2676056338028
65.0,2.5110401623198926,0.970934932333671,0.985071181545171,3,False,False,True,False,False,False,True,False,False,False,False,True,False,False,3767.6923076923076
76.0,3.0059301156712013,0.9870472102791382,0.026718828893112695,2,False,False,True,False,False,False,False,True,False,False,False,False,True,False,1973.6842105263158
25.0,0.44837045818009036,0.9984522985191021,-0.009806908639075781,3,True,False,False,False,False,True,False,False,False,True,False,False,False,False,2460.0
86.0,3.9186205535611798,1.0118254771530295,0.9979875620303909,3,True,False,False,False,True,False,False,False,True,False,False,False,False,False,3818.1744186046512
223.0,5.079443151590666,-0.013108636043022759,1.012750546321837,7,True,False,False,False,True,False,False,False,False,False,False,False,False,True,6721.52466367713
58.0,3.080083611432666,0.9962534716133148,0.037367711418633875,4,True,False,False,False,False,True,False,False,False,False,True,False,False,False,3086.206896551724
72.0,2.5266202914546536,1.0247470938133756,0.04840834691992951,1,False,True,False,False,False,False,True,False,True,False,False,False,False,False,2513.8888888888887
53.0,1.9678059582097402,0.9536683202890598,1.026827341386452,4,True,False,False,False,True,False,False,False,False,False,False,True,False,False,3500.0
81.0,2.969841914922532,-0.024756305565597925,-0.008223321783266624,4,True,False,False,False,False,True,False,False,False,False,True,False,False,False,3271.604938271605
98.42,4.045191135774048,1.0213349585884552,0.992135700227707,7,True,False,False,False,True,False,False,False,False,False,False,False,False,True,3800.0
223.0,5.079422051990515,0.039520683768719936,1.0237582301588892,7,True,False,False,False,True,False,False,False,False,False,False,False,False,True,6721.52466367713
72.0,2.5774172848530235,1.0011677442115665,-0.02612228542316977,1,False,True,False,False,False,False,True,False,True,False,False,False,False,False,2513.8888888888887
53.0,3.055975109171525,1.0032113485265315,1.9610474113131395,3,False,True,False,False,True,False,False,False,False,False,False,True,False,False,1996.9811320754718
77.0,3.0284063292308576,0.9607172011339776,-0.01453778423592235,6,False,False,True,False,True,False,False,False,False,False,False,False,False,True,4740.25974025974
53.0,1.9168279929990097,0.9947412366823455,0.9787238991654081,4,True,False,False,False,True,False,False,False,False,False,False,True,False,False,3500.0
45.25,1.4323257428189227,1.0032617266455024,-0.020369187954400993,4,True,False,False,True,False,False,False,False,False,True,False,False,False,False,2651.9337016574586
53.0,3.0797108377054156,0.9742470503634729,1.973360775104991,3,False,True,False,False,True,False,False,False,False,False,False,True,False,False,1996.9811320754718
58.0,3.021285811931918,0.976924323094938,-0.045790681036363814,4,True,False,False,False,False,True,False,False,False,False,True,False,False,False,3086.206896551724
98.42,3.901839410323326,0.9877284163104623,0.9517873934733414,7,True,False,False,False,True,False,False,False,False,False,False,False,False,True,3800.0
86.0,3.9202943085732063,0.9520071197777726,1.0487722389736032,3,True,False,False,False,True,False,False,False,True,False,False,False,False,False,3818.1744186046512
81.0,3.0327003538216113,-0.01779208344168217,-0.007222686626413767,4,True,False,False,False,False,True,False,False,False,False,True,False,False,False,3271.604938271605
72.0,2.401012316769244,0.9711448006996545,-0.01156733528403183,1,False,True,False,False,False,False,True,False,True,False,False,False,False,False,2513.8888888888887
71.0,2.9321616102834995,0.9827497352177914,1.017964728269307,4,True,False,False,False,True,False,False,False,False,True,False,False,False,False,3211.2676056338028
65.0,2.5097467578733172,0.9619762131819252,0.9718253887865064,3,False,False,True,False,False,False,True,False,False,False,False,True,False,False,3767.6923076923076
108.0,4.038379039538539,1.0390527280739894,0.04499611839502253,5,True,False,False,True,False,False,False,False,True,False,False,False,False,False,3694.4444444444443
220.0,5.03039225190052,1.0093592453554048,2.028634501441555,2,True,False,False,False,True,False,False,False,True,False,False,False,False,False,3177.2727272727275
220.0,4.944853861892112,1.017910231914449,1.958941100231226,2,True,False,False,False,True,False,False,False,True,False,False,False,False,False,3177.2727272727275
58.0,3.042435844269507,1.0289171238607338,-0.008241922421507161,4,True,False,False,False,False,True,False,False,False,False,True,False,False,False,3086.206896551724
33.0,0.94744981749936,0.9998442198929057,0.03791183075621647,4,False,True,False,False,False,True,False,False,True,False,False,False,False,False,2696.969696969697
67.0,1.9650799396318535,-0.041307971191257634,0.04447320222914103,7,False,False,True,False,True,False,False,False,True,False,False,False,False,False,3955.223880597015
53.0,2.0492982810236047,1.0037106541818548,0.9967401511249869,4,True,False,False,False,True,False,False,False,False,False,False,True,False,False,3500.0
65.0,2.529926579809443,1.008684111802088,1.0113411389210707,3,False,False,True,False,False,False,True,False,False,False,False,True,False,False,3767.6923076923076
25.0,0.5698446820988357,1.024543947418433,-0.033296605390792475,3,True,False,False,False,False,True,False,False,False,True,False,False,False,False,2460.0
76.0,3.0315225784600686,0.993165954622968,0.04911686261369766,2,False,False,True,False,False,False,False,True,False,False,False,False,True,False,1973.6842105263158
81.0,3.0136617206670944,-0.03724196972044363,-0.026832829861655663,4,True,False,False,False,False,True,False,False,False,False,True,False,False,False,3271.604938271605
108.0,3.9187349535656186,0.9783775905798724,0.04427317741351257,5,True,False,False,True,False,False,False,False,True,False,False,False,False,False,3694.4444444444443
65.0,3.4735431606118867,0.9863082296398635,0.01496466489923684,7,False,True,False,False,False,True,False,False,True,False,False,False,False,False,3923.076923076923
77.0,2.953040473536345,1.0145917241331601,0.010773679487885914,6,False,False,True,False,True,False,False,False,False,False,False,False,False,True,4740.25974025974
45.25,1.4487979286758168,1.0070778304668913,0.0012688511016508558,4,True,False,False,True,False,False,False,False,False,True,False,False,False,False,2651.9337016574586
53.0,2.0946021109504893,0.9856096725897846,0.9730669811717758,4,True,False,False,False,True,False,False,False,False,False,False,True,False,False,3500.0
81.0,2.978619544933352,0.04865152487929797,-0.032347196799449175,4,True,False,False,False,False,True,False,False,False,False,True,False,False,False,3271.604938271605
72.0,2.5784093110354225,1.0105774819356887,-0.027951379092982467,1,False,True,False,False,False,False,True,False,True,False,False,False,False,False,2513.8888888888887
76.0,3.0262277251994525,0.9737226791735994,-0.03135617378557455,2,False,False,True,False,False,False,False,True,False,False,False,False,True,False,1973.6842105263158
98.42,4.05896226070833,0.9601782472620404,1.0279584473566754,7,True,False,False,False,True,False,False,False,False,False,False,False,False,True,3800.0
25.0,0.5005274186210384,0.9652859139184332,-0.014987474083326992,3,True,False,False,False,False,True,False,False,False,True,False,False,False,False,2460.0
65.0,3.5153807769252716,0.9745957728384508,-0.044215732343660365,7,False,True,False,False,False,True,False,False,True,False,False,False,False,False,3923.076923076923
67.0,1.9985035387637728,-0.03393186267404444,0.04691026301408113,7,False,False,True,False,True,False,False,False,True,False,False,False,False,False,3955.223880597015
223.0,4.939048597559609,-0.031343297594869424,1.0383785884963426,7,True,False,False,False,True,False,False,False,False,False,False,False,False,True,6721.52466367713
108.0,4.044490423052301,0.9785095168693847,0.0427752283195213,5,True,False,False,True,False,False,False,False,True,False,False,False,False,False,3694.4444444444443
220.0,4.956154472488171,0.9673373595294755,2.0494907822646433,2,True,False,False,False,True,False,False,False,True,False,False,False,False,False,3177.2727272727275
45.25,1.4048631932862907,1.0396765424626424,-0.032610475078051274,4,True,False,False,True,False,False,False,False,False,True,False,False,False,False,2651.9337016574586
53.0,2.0290944591814335,0.9580233745661643,0.9896242018902659,4,True,False,False,False,True,False,False,False,False,False,False,True,False,False,3500.0
65.0,2.4354221358814097,1.0024511389570254,1.0258238475704091,3,False,False,True,False,False,False,True,False,False,False,False,True,False,False,3767.6923076923076
127.0,4.088091716870583,-0.008960317301033846,0.019602061805379226,6,False,False,True,True,False,False,False,False,False,False,False,False,True,False,3425.196850393701
72.0,2.5907857154005174,1.0482378616908608,-0.0346104093660145,1,False,True,False,False,False,False,True,False,True,False,False,False,False,False,2513.8888888888887
98.42,4.08297287804409,0.9612038902168052,1.0315833124990619,7,True,False,False,False,True,False,False,False,False,False,False,False,False,True,3800.0
33.0,0.9740317400510888,0.9897855599045742,-0.027555942816333934,4,False,True,False,False,False,True,False,False,True,False,False,False,False,False,2696.969696969697
77.0,2.9030913233057736,1.046947043327537,-0.027618238517737693,6,False,False,True,False,True,False,False,False,False,False,False,False,False,True,4740.25974025974
220.0,5.085663712517545,1.036550712589398,2.0036974422893414,2,True,False,False,False,True,False,False,False,True,False,False,False,False,False,3177.2727272727275
71.0,2.9856368296634628,1.031707207094928,1.0092939934841703,4,True,False,False,False,True,False,False,False,False,True,False,False,False,False,3211.2676056338028
76.0,3.093330963808734,0.975790282704494,0.008008620783781117,2,False,False,True,False,False,False,False,True,False,False,False,False,True,False,1973.6842105263158
45.25,1.5927239954178505,0.9670887587390066,-0.040851316260224514,4,True,False,False,True,False,False,False,False,False,True,False,False,False,False,2651.9337016574586
25.0,0.570601891093472,1.0168643219924431,0.037746086263038034,3,True,False,False,False,False,True,False,False,False,True,False,False,False,False,2460.0
223.0,4.958889778413917,0.042937598912758584,0.9765600042588706,7,True,False,False,False,True,False,False,False,False,False,False,False,False,True,6721.52466367713
65.0,3.477019545720385,1.005676289301393,-0.03704850787171959,7,False,True,False,False,False,True,False,False,True,False,False,False,False,False,3923.076923076923
65.0,2.5702273343033712,1.00716126894699,1.0388748079868977,3,False,False,True,False,False,False,True,False,False,False,False,True,False,False,3767.6923076923076
72.0,2.4633844010312553,0.9779979093660284,0.04556514982297534,1,False,True,False,False,False,False,True,False,True,False,False,False,False,False,2513.8888888888887
76.0,2.9338985493372185,1.0269492933191937,0.03621276172654507,2,False,False,True,False,False,False,False,True,False,False,False,False,True,False,1973.6842105263158
33.0,1.01136025249167,0.9687043748557523,0.030951607472487805,4,False,True,False,False,False,True,False,False,True,False,False,False,False,False,2696.969696969697
98.42,4.087230954832156,0.9823679236404244,1.0155241980639023,7,True,False,False,False,True,False,False,False,False,False,False,False,False,True,3800.0
53.0,2.0392059593349945,0.9925436438616417,1.0050857370609139,4,True,False,False,False,True,False,False,False,False,False,False,True,False,False,3500.0
58.0,3.0140122340178728,1.0007610378684455,-0.04130132400885899,4,True,False,False,False,False,True,False,False,False,False,True,False,False,False,3086.206896551724
223.0,4.919435298754154,-0.02575902675849198,0.9908453213070698,7,True,False,False,False,True,False,False,False,False,False,False,False,False,True,6721.52466367713
65.0,3.523001445339834,0.9614836824739204,-0.012731148298768605,7,False,True,False,False,False,True,False,False,True,False,False,False,False,False,3923.076923076923
71.0,3.098010770020853,1.0110620042441631,0.9759753783760327,4,True,False,False,False,True,False,False,False,False,True,False,False,False,False,3211.2676056338028
77.0,2.9280168030473046,0.9788630553240256,0.022342011368858494,6,False,False,True,False,True,False,False,False,False,False,False,False,False,True,4740.25974025974
108.0,4.0036659304727475,1.0081238221422613,-0.00041242649212291926,5,True,False,False,True,False,False,False,False,True,False,False,False,False,False,3694.4444444444443
72.0,2.575474614385591,0.9654362715274203,-0.04189537840923521,1,False,True,False,False,False,False,True,False,True,False,False,False,False,False,2513.8888888888887
65.0,2.5481537235508407,0.9981140101854817,0.9720183201949811,3,False,False,True,False,False,False,True,False,False,False,False,True,False,False,3767.6923076923076
45.25,1.5394031481990536,1.0032589432551586,0.018325876365959587,4,True,False,False,True,False,False,False,False,False,True,False,False,False,False,2651.9337016574586
53.0,3.040496816797422,0.9551823536822427,1.95761308594903,3,False,True,False,False,True,False,False,False,False,False,False,True,False,False,1996.9811320754718
53.0,1.971898230243951,0.9836604278193921,1.035120691404877,4,True,False,False,False,True,False,False,False,False,False,False,True,False,False,3500.0
127.0,3.9587183688528986,-0.03655853230610258,-0.0004853472986025703,6,False,False,True,True,False,False,False,False,False,False,False,False,True,False,3425.196850393701
58.0,3.0618722310957027,0.9563374970472768,-0.0019413422673352013,4,True,False,False,False,False,True,False,False,False,False,True,False,False,False,3086.206896551724
86.0,4.062022678935836,1.0489960232389945,1.0092407784659518,3,True,False,False,False,True,False,False,False,True,False,False,False,False,False,3818.1744186046512
71.0,3.073414463716021,0.9822353844974723,1.0324680965925148,4,True,False,False,False,True,False,False,False,False,True,False,False,False,False,3211.2676056338028
108.0,4.082648110511294,1.0309874445854634,-0.015219079209780696,5,True,False,False,True,False,False,False,False,True,False,False,False,False,False,3694.4444444444443
67.0,2.0022684797721877,-0.024535934523623616,0.01780161525590636,7,False,False,True,False,True,False,False,False,True,False,False,False,False,False,3955.223880597015
72.0,2.50030325893744,1.018150272222393,0.006573196399579109,1,False,True,False,False,False,False,True,False,True,False,False,False,False,False,2513.8888888888887
45.25,1.559659035793355,1.0260227859889686,-0.02329717298305787,4,True,False,False,True,False,False,False,False,False,True,False,False,False,False,2651.9337016574586
65.0,3.529992786155553,1.0095638740607844,0.0378629986355158,7,False,True,False,False,False,True,False,False,True,False,False,False,False,False,3923.076923076923
53.0,2.040393375451541,0.9971576188550159,1.0297426021606928,4,True,False,False,False,True,False,False,False,False,False,False,True,False,False,3500.0
76.0,3.0591585338872203,0.9911840914147269,0.015845183465842544,2,False,False,True,False,False,False,False,True,False,False,False,False,True,False,1973.6842105263158
77.0,3.078001068363513,0.9848868266542995,0.03505817290942419,6,False,False,True,False,True,False,False,False,False,False,False,False,False,True,4740.25974025974
65.0,2.467599031370307,1.0429529144247827,1.0367294200959802,3,False,False,True,False,False,False,True,False,False,False,False,True,False,False,3767.6923076923076
65.0,3.4751165905279886,1.033061940778773,0.02083629767150348,7,False,True,False,False,False,True,False,False,True,False,False,False,False,False,3923.076923076923
86.0,3.918796387968174,1.0465026910666513,1.0337013328363671,3,True,False,False,False,True,False,False,False,True,False,False,False,False,False,3818.1744186046512
33.0,1.0156560281992348,0.9624297223485545,0.019747146166928367,4,False,True,False,False,False,True,False,False,True,False,False,False,False,False,2696.969696969697
98.42,3.9071884547593485,1.0230867475203644,1.01801407717603,7,True,False,False,False,True,False,False,False,False,False,False,False,False,True,3800.0
45.25,1.493119603626492,1.0438340456821038,0.01186113782151843,4,True,False,False,True,False,False,False,False,False,True,False,False,False,False,2651.9337016574586
220.0,5.008528926941516,0.968123306616566,2.025271663955764,2,True,False,False,False,True,False,False,False,True,False,False,False,False,False,3177.2727272727275
72.0,2.457308250425657,0.9566496267366777,-0.03413948947069263,1,False,True,False,False,False,False,True,False,True,False,False,False,False,False,2513.8888888888887
223.0,5.018166652113802,0.024112064929005902,1.0380870759198928,7,True,False,False,False,True,False,False,False,False,False,False,False,False,True,6721.52466367713
25.0,0.4061000499878099,1.0074473113179911,0.0371843527745232,3,True,False,False,False,False,True,False,False,False,True,False,False,False,False,2460.0
220.0,4.907469637749843,1.0341828776758273,1.9529247283034559,2,True,False,False,False,True,False,False,False,True,False,False,False,False,False,3177.2727272727275
45.25,1.5645201121319317,0.963977237662629,0.03258167505647627,4,True,False,False,True,False,False,False,False,False,True,False,False,False,False,2651.9337016574586
65.0,3.472038128282253,1.029526731185989,-0.03711301325265548,7,False,True,False,False,False,True,False,False,True,False,False,False,False,False,3923.076923076923
65.0,2.4254121025303768,0.9701627320047744,0.9835118854259142,3,False,False,True,False,False,False,True,False,False,False,False,True,False,False,3767.6923076923076
98.42,4.004448652010961,0.9663655942865704,1.0243508256291607,7,True,False,False,False,True,False,False,False,False,False,False,False,False,True,3800.0
127.0,4.053998710619722,-0.03357342020690071,-0.03392401039516918,6,False,False,True,True,False,False,False,False,False,False,False,False,True,False,3425.196850393701
77.0,2.9431642054993685,1.0314574720231382,0.03179670241190623,6,False,False,True,False,True,False,False,False,False,False,False,False,False,True,4740.25974025974
71.0,3.0245780951638,1.01651972206962,1.0332134177957741,4,True,False,False,False,True,False,False,False,False,True,False,False,False,False,3211.2676056338028
98.42,3.9170694929987535,1.002306542476912,1.0007467733760835,7,True,False,False,False,True,False,False,False,False,False,False,False,False,True,3800.0
86.0,3.9103363442337216,0.9858830484123502,0.9506385871716834,3,True,False,False,False,True,False,False,False,True,False,False,False,False,False,3818.1744186046512
25.0,0.5062709263136296,1.0377200540813107,-0.021296186682508725,3,True,False,False,False,False,True,False,False,False,True,False,False,False,False,2460.0
108.0,4.008127024322022,0.9892445107422635,0.011692691837574223,5,True,False,False,True,False,False,False,False,True,False,False,False,False,False,3694.4444444444443
220.0,5.027485980299641,1.0316599439471577,2.0481186178027424,2,True,False,False,False,True,False,False,False,True,False,False,False,False,False,3177.2727272727275
53.0,3.0452182667445324,0.9939134908570219,2.013181352701667,3,False,True,False,False,True,False,False,False,False,False,False,True,False,False,1996.9811320754718
45.25,1.5951704158925069,0.9876944429424908,-0.02401964189358402,4,True,False,False,True,False,False,False,False,False,True,False,False,False,False,2651.9337016574586
71.0,3.003260069660239,0.9962679785669606,1.0134005703099611,4,True,False,False,False,True,False,False,False,False,True,False,False,False,False,3211.2676056338028
58.0,2.9645912945882493,0.9801377874164142,0.003998537971585545,4,True,False,False,False,False,True,False,False,False,False,True,False,False,False,3086.206896551724
76.0,3.059037238953741,1.024760938017625,0.027984539515114357,2,False,False,True,False,False,False,False,True,False,False,False,False,True,False,1973.6842105263158
25.0,0.45416645025241487,1.0002720390092479,-0.03930193611730416,3,True,False,False,False,False,True,False,False,False,True,False,False,False,False,2460.0
45.25,1.4877942841411271,0.9732212695146817,0.026102790250202804,4,True,False,False,True,False,False,False,False,False,True,False,False,False,False,2651.9337016574586
65.0,2.4156912762684533,1.0399574573274568,1.0041266578676111,3,False,False,True,False,False,False,True,False,False,False,False,True,False,False,3767.6923076923076
81.0,2.9050701486830914,-0.011610877862678858,0.046299200385899464,4,True,False,False,False,False,True,False,False,False,False,True,False,False,False,3271.604938271605
33.0,1.092529682935585,1.004355286111399,-0.015812783396131395,4,False,True,False,False,False,True,False,False,True,False,False,False,False,False,2696.969696969697
65.0,3.567196024102441,1.0406472110964546,0.013262189313394818,7,False,True,False,False,False,True,False,False,True,False,False,False,False,False,3923.076923076923
220.0,5.039194841218739,1.0124237995913992,2.043202810551002,2,True,False,False,False,True,False,False,False,True,False,False,False,False,False,3177.2727272727275
77.0,2.9817905888828538,0.9616898040708364,-0.039749027200932076,6,False,False,True,False,True,False,False,False,False,False,False,False,False,True,4740.25974025974
81.0,2.9346588640141693,0.043983212361347515,0.04372284872364511,4,True,False,False,False,False,True,False,False,False,False,True,False,False,False,3271.604938271605
220.0,4.931287408534217,1.0127708053071418,2.0187885722300813,2,True,False,False,False,True,False,False,False,True,False,False,False,False,False,3177.2727272727275
65.0,3.450048579632919,0.9834905614657086,-0.04321629408948281,7,False,True,False,False,False,True,False,False,True,False,False,False,False,False,3923.076923076923
127.0,4.009845332941224,-0.03607279273366128,-0.019903643305318377,6,False,False,True,True,False,False,False,False,False,False,False,False,True,False,3425.196850393701
71.0,3.0429191845400125,1.0294025189270295,1.0208172088645282,4,True,False,False,False,True,False,False,False,False,True,False,False,False,False,3211.2676056338028
53.0,2.0320394753435465,1.0120072755928513,0.9567350601468771,4,True,False,False,False,True,False,False,False,False,False,False,True,False,False,3500.0
33.0,0.9559867793891885,1.0033461091976321,0.008217046017627329,4,False,True,False,False,False,True,False,False,True,False,False,False,False,False,2696.969696969697
72.0,2.590973056132639,1.0393892583050959,-0.015411694304704328,1,False,True,False,False,False,False,True,False,True,False,False,False,False,False,2513.8888888888887
108.0,4.047579383339154,1.028859721122453,0.012091551776747714,5,True,False,False,True,False,False,False,False,True,False,False,False,False,False,3694.4444444444443
53.0,3.01087081050228,0.9651674879732751,1.9545742033812512,3,False,True,False,False,True,False,False,False,False,False,False,True,False,False,1996.9811320754718
53.0,2.0223441492468703,0.9811722067795549,1.0371536806152377,4,True,False,False,False,True,False,False,False,False,False,False,True,False,False,3500.0
72.0,2.483920012485558,0.9748489139814466,0.04734889691773969,1,False,True,False,False,False,False,True,False,True,False,False,False,False,False,2513.8888888888887
98.42,3.9495461979002315,1.0243946292572677,1.0468877855285692,7,True,False,False,False,True,False,False,False,False,False,False,False,False,True,3800.0
127.0,3.9711945357302523,-0.04664675652642206,0.02496518317429247,6,False,False,True,True,False,False,False,False,False,False,False,False,True,False,3425.196850393701
76.0,3.0515692220928736,1.0069889684871316,-0.0369913759869368,2,False,False,True,False,False,False,False,True,False,False,False,False,True,False,1973.6842105263158
65.0,3.402878697725951,1.026245868574069,0.025826319592902255,7,False,True,False,False,False,True,False,False,True,False,False,False,False,False,3923.076923076923
65.0,2.4232145281013833,1.037676563676175,0.9524586916458802,3,False,False,True,False,False,False,True,False,False,False,False,True,False,False,3767.6923076923076
72.0,2.4092005284043507,0.9842081748715907,-0.047787644847100276,1,False,True,False,False,False,False,True,False,True,False,False,False,False,False,2513.8888888888887
65.0,3.408145760463794,1.0321257304672014,-0.01763897808504588,7,False,True,False,False,False,True,False,False,True,False,False,False,False,False,3923.076923076923
67.0,2.0710921168022014,-0.03893682630447928,-0.001135680959533425,7,False,False,True,False,True,False,False,False,True,False,False,False,False,False,3955.223880597015
220.0,5.040731571876004,1.0346452291734518,2.0270407417807794,2,True,False,False,False,True,False,False,False,True,False,False,False,False,False,3177.2727272727275
127.0,3.994834765817465,-0.03725113376680176,0.018329537660650513,6,False,False,True,True,False,False,False,False,False,False,False,False,True,False,3425.196850393701
53.0,1.9195668321302004,0.9897287290560367,0.9945902706376748,4,True,False,False,False,True,False,False,False,False,False,False,True,False,False,3500.0
76.0,2.9983231750233665,1.0297295365779553,-0.022637333371833414,2,False,False,True,False,False,False,False,True,False,False,False,False,True,False,1973.6842105263158
77.0,2.9946943541561133,0.9649917427348774,0.04971245001577111,6,False,False,True,False,True,False,False,False,False,False,False,False,False,True,4740.25974025974
86.0,3.934640373982003,0.9729251395232641,0.9926181302235972,3,True,False,False,False,True,False,False,False,True,False,False,False,False,False,3818.1744186046512
108.0,3.9867703298475945,1.0222252568393067,-0.004861297567032449,5,True,False,False,True,False,False,False,False,True,False,False,False,False,False,3694.4444444444443
71.0,2.9797009468794746,1.0220036536546075,0.9663623821191669,4,True,False,False,False,True,False,False,False,False,True,False,False,False,False,3211.2676056338028
45.25,1.5231700196104434,1.0141147632885297,0.029480954874992943,4,True,False,False,True,False,False,False,False,False,True,False,False,False,False,2651.9337016574586
127.0,4.027018730173529,0.019394844446709997,0.019368222578148866,6,False,False,True,True,False,False,False,False,False,False,False,False,True,False,3425.196850393701
72.0,2.409060801954409,1.0042724443347597,-0.027923038721123963,1,False,True,False,False,False,False,True,False,True,False,False,False,False,False,2513.8888888888887
81.0,2.9749225229252945,-0.024820094109304726,-0.041761895438415735,4,True,False,False,False,False,True,False,False,False,False,True,False,False,False,3271.604938271605
220.0,5.025171983142847,0.9845695993503919,2.0180499302074715,2,True,False,False,False,True,False,False,False,True,False,False,False,False,False,3177.2727272727275
58.0,3.0006272517160175,0.9681597716801426,0.015451121428113529,4,True,False,False,False,False,True,False,False,False,False,True,False,False,False,3086.206896551724
71.0,3.0712979682376647,1.0408450561333629,0.9773259526998209,4,True,False,False,False,True,False,False,False,False,True,False,False,False,False,3211.2676056338028
127.0,4.031738726323789,0.008339179476612044,0.045086356225041035,6,False,False,True,True,False,False,False,False,False,False,False,False,True,False,3425.196850393701
45.25,1.432586885416286,0.990085141676364,-0.03489421082190998,4,True,False,False,True,False,False,False,False,False,True,False,False,False,False,2651.9337016574586
77.0,2.914113749480086,0.9962005803644133,-0.006766519895739807,6,False,False,True,False,True,False,False,False,False,False,False,False,False,True,4740.25974025974
58.0,3.028483855641263,1.0447283339611815,0.04436159201675989,4,True,False,False,False,False,True,False,False,False,False,True,False,False,False,3086.206896551724
65.0,3.405302262108324,0.965335140311608,-0.008027268307387772,7,False,True,False,False,False,True,False,False,True,False,False,False,False,False,3923.076923076923
220.0,5.017155116254693,1.0086229832016798,2.0138525947664085,2,True,False,False,False,True,False,False,False,True,False,False,False,False,False,3177.2727272727275
25.0,0.5880460482849915,1.0005888678884467,-0.010240560203720571,3,True,False,False,False,False,True,False,False,False,True,False,False,False,False,2460.0
77.0,3.0150948355751757,1.0111454235434647,-0.022578479765132997,6,False,False,True,False,True,False,False,False,False,False,False,False,False,True,4740.25974025974
53.0,1.9776339852413043,0.951811018382084,1.0483977647959828,4,True,False,False,False,True,False,False,False,False,False,False,True,False,False,3500.0
98.42,4.0286576436884705,1.037212390894415,0.9909334006315043,7,True,False,False,False,True,False,False,False,False,False,False,False,False,True,3800.0
71.0,2.9916505780983034,1.0432118282483613,1.0394099203679135,4,True,False,False,False,True,False,False,False,False,True,False,False,False,False,3211.2676056338028
81.0,3.009123357863187,0.006513318358920897,-0.027004539410891384,4,True,False,False,False,False,True,False,False,False,False,True,False,False,False,3271.604938271605
72.0,2.588292961755305,1.0196650823876892,-0.028689529597491673,1,False,True,False,False,False,False,True,False,True,False,False,False,False,False,2513.8888888888887
76.0,2.9772205275601547,1.0422499381177295,-0.04688659171154887,2,False,False,True,False,False,False,False,True,False,False,False,False,True,False,1973.6842105263158
53.0,3.092238112764783,1.0207238634313398,2.0151666825375885,3,False,True,False,False,True,False,False,False,False,False,False,True,False,False,1996.9811320754718
223.0,5.081070128391213,-0.03474609570857387,0.9868526343723761,7,True,False,False,False,True,False,False,False,False,False,False,False,False,True,6721.52466367713
220.0,4.9391582269578596,1.0076288360166814,2.036435824983964,2,True,False,False,False,True,False,False,False,True,False,False,False,False,False,3177.2727272727275
71.0,2.913872260175033,1.0106715046382857,0.9973209906691557,4,True,False,False,False,True,False,False,False,False,True,False,False,False,False,3211.2676056338028
86.0,3.920155600275485,0.9924130671302386,1.0468193427914723,3,True,False,False,False,True,False,False,False,True,False,False,False,False,False,3818.1744186046512
25.0,0.40364436513030993,1.0236444235624722,-0.031447448429687885,3,True,False,False,False,False,True,False,False,False,True,False,False,False,False,2460.0
72.0,2.418888592151186,1.0434367014769015,0.03686231679556108,1,False,True,False,False,False,False,True,False,True,False,False,False,False,False,2513.8888888888887
76.0,3.0366013546832713,1.0425568512906775,0.027659685279174173,2,False,False,True,False,False,False,False,True,False,False,False,False,True,False,1973.6842105263158
108.0,3.914237729692046,0.9950839371404132,0.0270921844644052,5,True,False,False,True,False,False,False,False,True,False,False,False,False,False,3694.4444444444443
65.0,3.463795126058752,0.9613238045840755,0.034478322811688764,7,False,True,False,False,False,True,False,False,True,False,False,False,False,False,3923.076923076923
223.0,5.068975062193891,0.048484119896233455,1.0261023990943,7,True,False,False,False,True,False,False,False,False,False,False,False,False,True,6721.52466367713
81.0,2.9046543871471653,0.033889808644593414,0.012622032163141533,4,True,False,False,False,False,True,False,False,False,False,True,False,False,False,3271.604938271605
67.0,2.0628936965177873,-0.03753373187967332,-0.03687551223176125,7,False,False,True,False,True,False,False,False,True,False,False,False,False,False,3955.223880597015
76.0,2.95637095495468,1.0420841882617373,-0.04674738205087481,2,False,False,True,False,False,False,False,True,False,False,False,False,True,False,1973.6842105263158
77.0,2.923632965524331,1.0369896362062128,0.042084784781568685,6,False,False,True,False,True,False,False,False,False,False,False,False,False,True,4740.25974025974
72.0,2.5393474330728303,1.0018838057126072,0.011665031452073801,1,False,True,False,False,False,False,True,False,True,False,False,False,False,False,2513.8888888888887
71.0,3.025788569355977,1.0091275435744929,1.0296537290976175,4,True,False,False,False,True,False,False,False,False,True,False,False,False,False,3211.2676056338028
127.0,4.07549440270541,-0.010099729612986975,-0.0018477648487449927,6,False,False,True,True,False,False,False,False,False,False,False,False,True,False,3425.196850393701
71.0,3.047014208760777,0.9554761638822031,0.9617308188962395,4,True,False,False,False,True,False,False,False,False,True,False,False,False,False,3211.2676056338028
86.0,4.06069618607697,0.9835197241645901,0.9625185792202551,3,True,False,False,False,True,False,False,False,True,False,False,False,False,False,3818.1744186046512
223.0,4.956406914514261,0.030285344859801153,1.018556528722897,7,True,False,False,False,True,False,False,False,False,False,False,False,False,True,6721.52466367713
53.0,1.9354879087559445,0.9504632023004603,0.9930305894899463,4,True,False,False,False,True,False,False,False,False,False,False,True,False,False,3500.0
25.0,0.5501229503281717,0.9833499171691145,-0.02994752732996633,3,True,False,False,False,False,True,False,False,False,True,False,False,False,False,2460.0
86.0,4.061366947853453,0.9898168693590943,0.9991594546741437,3,True,False,False,False,True,False,False,False,True,False,False,False,False,False,3818.1744186046512
77.0,3.0981010284001345,1.0037395602937922,-0.0435791062924866,6,False,False,True,False,True,False,False,False,False,False,False,False,False,True,4740.25974025974
127.0,3.982523535382285,0.04198556164127605,0.008197140191439876,6,False,False,True,True,False,False,False,False,False,False,False,False,True,False,3425.196850393701
223.0,4.974403617158557,-0.015365400563403873,0.9768993404435098,7,True,False,False,False,True,False,False,False,False,False,False,False,False,True,6721.52466367713
58.0,3.0552825921483993,0.9846953201896228,0.02975591006371882,4,True,False,False,False,False,True,False,False,False,False,True,False,False,False,3086.206896551724
25.0,0.46816070805060356,1.0237501248109748,-0.018963804107642625,3,True,False,False,False,False,True,False,False,False,True,False,False,False,False,2460.0
108.0,4.086151465120713,0.9952217940889807,-0.004477985091819882,5,True,False,False,True,False,False,False,False,True,False,False,False,False,False,3694.4444444444443
53.0,2.0716825503686023,0.9724604822939982,0.9511620539908101,4,True,False,False,False,True,False,False,False,False,False,False,True,False,False,3500.0
98.42,3.9857988054750035,0.9952439516132694,0.9572446887794559,7,True,False,False,False,True,False,False,False,False,False,False,False,False,True,3800.0
220.0,5.050174213558299,0.9640857020379799,1.9892493556406685,2,True,False,False,False,True,False,False,False,True,False,False,False,False,False,3177.2727272727275
65.0,3.5509085748169364,0.9676386986506224,-0.002006116528287652,7,False,True,False,False,False,True,False,False,True,False,False,False,False,False,3923.076923076923
25.0,0.42062477376718654,0.9998367772739479,0.010002054811930373,3,True,False,False,False,False,True,False,False,False,True,False,False,False,False,2460.0
53.0,2.0805105813359135,0.9918925449504548,0.9791662578709304,4,True,False,False,False,True,False,False,False,False,False,False,True,False,False,3500.0
58.0,3.0010504744895714,1.04148459010681,0.01949818861265426,4,True,False,False,False,False,True,False,False,False,False,True,False,False,False,3086.206896551724
45.25,1.5652914932215483,0.9862393899116633,0.036012239718920466,4,True,False,False,True,False,False,False,False,False,True,False,False,False,False,2651.9337016574586
223.0,4.964009920206123,0.008058835027804342,1.027985098889335,7,True,False,False,False,True,False,False,False,False,False,False,False,False,True,6721.52466367713
76.0,3.07910464569924,1.013226428791953,-0.046038117465164285,2,False,False,True,False,False,False,False,True,False,False,False,False,True,False,1973.6842105263158
86.0,3.9778403357468326,0.9513094456588334,0.9980506947257829,3,True,False,False,False,True,False,False,False,True,False,False,False,False,False,3818.1744186046512
45.25,1.4021675302960597,1.016353737201671,-0.03950698215818252,4,True,False,False,True,False,False,False,False,False,True,False,False,False,False,2651.9337016574586
65.0,3.5810763952838527,0.9678035966869751,-0.025795498413747255,7,False,True,False,False,False,True,False,False,True,False,False,False,False,False,3923.076923076923
108.0,3.9182573353572265,1.0461070317469454,0.048666259326714645,5,True,False,False,True,False,False,False,False,True,False,False,False,False,False,3694.4444444444443
127.0,3.963862727518083,-0.03513372722468871,-0.03575044570984868,6,False,False,True,True,False,False,False,False,False,False,False,False,True,False,3425.196850393701
65.0,2.590012393410161,0.9914624123727024,0.9998888153451356,3,False,False,True,False,False,False,True,False,False,False,False,True,False,False,3767.6923076923076
25.0,0.5901214293875112,0.9585349668078644,0.011815573431811909,3,True,False,False,False,False,True,False,False,False,True,False,False,False,False,2460.0
76.0,3.0146875776246573,1.0496874251845947,0.020246497054410395,2,False,False,True,False,False,False,False,True,False,False,False,False,True,False,1973.6842105263158
71.0,3.0263674424339597,1.0002195010331243,1.0059648683486915,4,True,False,False,False,True,False,False,False,False,True,False,False,False,False,3211.2676056338028
77.0,2.989689104395664,1.0095385017320044,-0.04902291525808164,6,False,False,True,False,True,False,False,False,False,False,False,False,False,True,4740.25974025974
223.0,4.958642154339613,-0.043292352261157255,0.9826461308243992,7,True,False,False,False,True,False,False,False,False,False,False,False,False,True,6721.52466367713
72.0,2.4657329090739832,1.0249960470399178,0.0017711643384711456,1,False,True,False,False,False,False,True,False,True,False,False,False,False,False,2513.8888888888887
67.0,2.0345036912154075,-0.029009440690441424,-0.041213350085516666,7,False,False,True,False,True,False,False,False,True,False,False,False,False,False,3955.223880597015
127.0,4.050474905887536,0.03980542894407138,-0.014937306879081923,6,False,False,True,True,False,False,False,False,False,False,False,False,True,False,3425.196850393701
45.25,1.5583158087451696,0.9705139640482007,-0.046679689120863344,4,True,False,False,True,False,False,False,False,False,True,False,False,False,False,2651.9337016574586
33.0,1.0579236285589109,0.9690687720663667,-0.04214215028449793,4,False,True,False,False,False,True,False,False,True,False,False,False,False,False,2696.969696969697
86.0,3.918241220609738,0.9536549667848095,0.9896923276201596,3,True,False,False,False,True,False,False,False,True,False,False,False,False,False,3818.1744186046512
98.42,3.998884060940516,0.997206694511,0.9632715754043061,7,True,False,False,False,True,False,False,False,False,False,False,False,False,True,3800.0
81.0,2.911511752003329,0.006484113326261642,0.006754084826155818,4,True,False,False,False,False,True,False,False,False,False,True,False,False,False,3271.604938271605
86.0,4.009905776464747,0.9565708639428352,1.0189464969137265,3,True,False,False,False,True,False,False,False,True,False,False,False,False,False,3818.1744186046512
98.42,3.9883061002746754,1.027552761669501,1.0300586699109082,7,True,False,False,False,True,False,False,False,False,False,False,False,False,True,3800.0
220.0,5.07754083655166,0.9953288834748028,1.970015024424481,2,True,False,False,False,True,False,False,False,True,False,False,False,False,False,3177.2727272727275
33.0,0.9701830025104158,1.002439026932758,-0.03325174177409303,4,False,True,False,False,False,True,False,False,True,False,False,False,False,False,2696.969696969697
72.0,2.423413403285521,0.9940762746938228,-0.03954321596655998,1,False,True,False,False,False,False,True,False,True,False,False,False,False,False,2513.8888888888887
76.0,2.928598336410567,0.9900763060875326,0.013643024954363675,2,False,False,True,False,False,False,False,True,False,False,False,False,True,False,1973.6842105263158
77.0,3.0523021263434944,1.0059640331308217,0.02064757264869012,6,False,False,True,False,True,False,False,False,False,False,False,False,False,True,4740.25974025974
108.0,4.023643612663252,0.9655240245930713,-0.0468413855174358,5,True,False,False,True,False,False,False,False,True,False,False,False,False,False,3694.4444444444443
67.0,1.9202245352245582,-0.03180718695047289,0.04362122462436899,7,False,False,True,False,True,False,False,False,True,False,False,False,False,False,3955.223880597015
