URL,Type,Condition,Heating,Parking
https://www.halooglasi.com/nekretnine/prodaja-stanova/lux-renoviran-sa-garazom-u-ceni/5425646036700?kid=4,Stara gradnja,Renovirano,Podno,Garaža
https://www.halooglasi.com/nekretnine/prodaja-stanova/luksuzna-nekretnina-retko-u-ponudi-220m232m2t/5425645639505?kid=4,Novogradnja,Lux,CG,"Garaža, Parking"
https://www.halooglasi.com/nekretnine/prodaja-stanova/divan-penthaus-u-srcu-vracara-kalenic-id1640/5425645535245?kid=4,Stara gradnja,Lux,CG,None
https://www.halooglasi.com/nekretnine/prodaja-stanova/brace-jerkovic-novogradnja/5425645885272?kid=4,Novogradnja,Izvorno stanje,EG,None
https://www.halooglasi.com/nekretnine/prodaja-stanova/uknjizena-garsonjera---zvezdara-id3935/5425645948325?kid=4,Novogradnja,,EG,None
https://www.halooglasi.com/nekretnine/prodaja-stanova/moderan-trosoban-stan-kod-zvezdinog-stadiona/5425645925388?kid=4,Novogradnja,,,None
https://www.halooglasi.com/nekretnine/prodaja-stanova/extra-lux-stan-kod-vuk-spomenika-bez-provizij/5425636344247?kid=4,Novogradnja,Lux,CG,Garaža
https://www.halooglasi.com/nekretnine/prodaja-stanova/dupleks-na-ceraku-pristinska-id1932/5425645239800?kid=4,Stara gradnja,Za renoviranje,TA,None
https://www.halooglasi.com/nekretnine/prodaja-stanova/brace-jerkovic-novogradnja/5425645885272?kid=4,Novogradnja,Izvorno stanje,EG,None
https://www.halooglasi.com/nekretnine/prodaja-stanova/extra-lux-stan-na-lekinom-brdu--bez-provizije/5425645705097?kid=4,Novogradnja,Lux,Podno,Garaža
https://www.halooglasi.com/nekretnine/prodaja-stanova/uknjizena-garsonjera---zvezdara-id3935/5425645948325?kid=4,Novogradnja,,EG,None
https://www.halooglasi.com/nekretnine/prodaja-stanova/odlican-3-5-stan-u-centru-grada-id1291/5425646034595?kid=4,,,CG,None
https://www.halooglasi.com/nekretnine/prodaja-stanova/trosoban-stan-izuzetnog-kvaliteta-gradnje/5425646034614?kid=4,,Lux,Podno,"Garaža, Parking"
https://www.halooglasi.com/nekretnine/prodaja-stanova/vlasnik---lux-salonac---uknjizen---useljiv-od/5425645765749?kid=4,Stara gradnja,Lux,Toplotne pumpe,None
https://www.halooglasi.com/nekretnine/prodaja-stanova/extra-lux-stan-kod-vuk-spomenika-bez-provizij/5425636344247?kid=4,Novogradnja,Lux,CG,Garaža
https://www.halooglasi.com/nekretnine/prodaja-stanova/extra-lux-stan-u-izgradnji--bez-provizije/5425644304484?kid=4,Novogradnja,Lux,EG,Garaža
https://www.halooglasi.com/nekretnine/prodaja-stanova/uknjizena-garsonjera---zvezdara-id3935/5425645948325?kid=4,Novogradnja,,EG,None
https://www.halooglasi.com/nekretnine/prodaja-stanova/dupleks-na-ceraku-pristinska-id1932/5425645239800?kid=4,Stara gradnja,Za renoviranje,TA,None
https://www.halooglasi.com/nekretnine/prodaja-stanova/lux-penthouse-sa-privatnim-bazenom-na-terasi/5425645748613?kid=4,Novogradnja,Lux,Toplotne pumpe,Garaža
https://www.halooglasi.com/nekretnine/prodaja-stanova/luksuzna-nekretnina-retko-u-ponudi-220m232m2t/5425645639505?kid=4,Novogradnja,Lux,CG,"Garaža, Parking"
https://www.halooglasi.com/nekretnine/prodaja-stanova/extra-lux-stan-kod-vuk-spomenika-bez-provizij/5425636344247?kid=4,Novogradnja,Lux,CG,Garaža
https://www.halooglasi.com/nekretnine/prodaja-stanova/lux-renoviran-sa-garazom-u-ceni/5425646036700?kid=4,Stara gradnja,Renovirano,Podno,Garaža
https://www.halooglasi.com/nekretnine/prodaja-stanova/beograd-knez-mihailova-stan-4-0-127m2/5425645640384?kid=4,Stara gradnja,Izvorno stanje,TA,None
https://www.halooglasi.com/nekretnine/prodaja-stanova/extra-lux-stan-u-izgradnji--bez-provizije/5425644304484?kid=4,Novogradnja,Lux,EG,Garaža
https://www.halooglasi.com/nekretnine/prodaja-stanova/extra-lux-stan-na-lekinom-brdu--bez-provizije/5425645705097?kid=4,Novogradnja,Lux,Podno,Garaža
https://www.halooglasi.com/nekretnine/prodaja-stanova/luksuzna-nekretnina-retko-u-ponudi-220m232m2t/5425645639505?kid=4,Novogradnja,Lux,CG,"Garaža, Parking"
https://www.halooglasi.com/nekretnine/prodaja-stanova/uknjizena-garsonjera---zvezdara-id3935/5425645948325?kid=4,Novogradnja,,EG,None
https://www.halooglasi.com/nekretnine/prodaja-stanova/moderan-trosoban-stan-kod-zvezdinog-stadiona/5425645925388?kid=4,Novogradnja,,,None
https://www.halooglasi.com/nekretnine/prodaja-stanova/brace-jerkovic-novogradnja/5425645885272?kid=4,Novogradnja,Izvorno stanje,EG,None
https://www.halooglasi.com/nekretnine/prodaja-stanova/extra-lux-stan-na-crvenom-krstu-bez-provizije/5425644599288?kid=4,Novogradnja,Lux,Toplotne pumpe,Garaža
https://www.halooglasi.com/nekretnine/prodaja-stanova/top-investicija---jednoiposoban-33m2-id1290/5425646034596?kid=4,,,CG,None
https://www.halooglasi.com/nekretnine/prodaja-stanova/beograd-knez-mihailova-stan-4-0-127m2/5425645640384?kid=4,Stara gradnja,Izvorno stanje,TA,None
https://www.halooglasi.com/nekretnine/prodaja-stanova/prodaja-stana-vozdovac-vojvode-stepe-3-0/5425646036690?kid=4,Novogradnja,,,None
https://www.halooglasi.com/nekretnine/prodaja-stanova/lux-renoviran-sa-garazom-u-ceni/5425646036700?kid=4,Stara gradnja,Renovirano,Podno,Garaža
https://www.halooglasi.com/nekretnine/prodaja-stanova/extra-lux-stan-u-izgradnji--bez-provizije/5425644304484?kid=4,Novogradnja,Lux,EG,Garaža
https://www.halooglasi.com/nekretnine/prodaja-stanova/extra-lux-stan-na-crvenom-krstu-bez-provizije/5425644599288?kid=4,Novogradnja,Lux,Toplotne pumpe,Garaža
https://www.halooglasi.com/nekretnine/prodaja-stanova/divan-penthaus-u-srcu-vracara-kalenic-id1640/5425645535245?kid=4,Stara gradnja,Lux,CG,None
https://www.halooglasi.com/nekretnine/prodaja-stanova/moderan-trosoban-stan-kod-zvezdinog-stadiona/5425645925388?kid=4,Novogradnja,,,None
https://www.halooglasi.com/nekretnine/prodaja-stanova/arena-blok-29-4-0-108m2-i/5425645784543?kid=4,Novogradnja,Izvorno stanje,CG,None
https://www.halooglasi.com/nekretnine/prodaja-stanova/odlican-dvoiposoban-stan/5425645991030?kid=4,,Renovirano,CG,None
https://www.halooglasi.com/nekretnine/prodaja-stanova/dupleks-na-ceraku-pristinska-id1932/5425645239800?kid=4,Stara gradnja,Za renoviranje,TA,None
https://www.halooglasi.com/nekretnine/prodaja-stanova/beograd-knez-mihailova-stan-4-0-127m2/5425645640384?kid=4,Stara gradnja,Izvorno stanje,TA,None
https://www.halooglasi.com/nekretnine/prodaja-stanova/luksuzna-nekretnina-retko-u-ponudi-220m232m2t/5425645639505?kid=4,Novogradnja,Lux,CG,"Garaža, Parking"
https://www.halooglasi.com/nekretnine/prodaja-stanova/extra-lux-stan-na-lekinom-brdu--bez-provizije/5425645705097?kid=4,Novogradnja,Lux,Podno,Garaža
https://www.halooglasi.com/nekretnine/prodaja-stanova/odlican-dvoiposoban-stan/5425645991030?kid=4,,Renovirano,CG,None
https://www.halooglasi.com/nekretnine/prodaja-stanova/luksuzna-nekretnina-retko-u-ponudi-220m232m2t/5425645639505?kid=4,Novogradnja,Lux,CG,"Garaža, Parking"
https://www.halooglasi.com/nekretnine/prodaja-stanova/extra-lux-stan-u-izgradnji--bez-provizije/5425644304484?kid=4,Novogradnja,Lux,EG,Garaža
https://www.halooglasi.com/nekretnine/prodaja-stanova/beograd-knez-mihailova-stan-4-0-127m2/5425645640384?kid=4,Stara gradnja,Izvorno stanje,TA,None
https://www.halooglasi.com/nekretnine/prodaja-stanova/extra-lux-stan-na-crvenom-krstu-bez-provizije/5425644599288?kid=4,Novogradnja,Lux,Toplotne pumpe,Garaža
https://www.halooglasi.com/nekretnine/prodaja-stanova/dupleks-na-ceraku-pristinska-id1932/5425645239800?kid=4,Stara gradnja,Za renoviranje,TA,None
https://www.halooglasi.com/nekretnine/prodaja-stanova/uknjizena-garsonjera---zvezdara-id3935/5425645948325?kid=4,Novogradnja,,EG,None
https://www.halooglasi.com/nekretnine/prodaja-stanova/extra-lux-stan-na-lekinom-brdu--bez-provizije/5425645705097?kid=4,Novogradnja,Lux,Podno,Garaža
https://www.halooglasi.com/nekretnine/prodaja-stanova/top-investicija---jednoiposoban-33m2-id1290/5425646034596?kid=4,,,CG,None
https://www.halooglasi.com/nekretnine/prodaja-stanova/extra-lux-stan-na-lekinom-brdu--bez-provizije/5425645705097?kid=4,Novogradnja,Lux,Podno,Garaža
https://www.halooglasi.com/nekretnine/prodaja-stanova/uknjizena-garsonjera---zvezdara-id3935/5425645948325?kid=4,Novogradnja,,EG,None
https://www.halooglasi.com/nekretnine/prodaja-stanova/luksuzna-nekretnina-retko-u-ponudi-220m232m2t/5425645639505?kid=4,Novogradnja,Lux,CG,"Garaža, Parking"
https://www.halooglasi.com/nekretnine/prodaja-stanova/lux-penthouse-sa-privatnim-bazenom-na-terasi/5425645748613?kid=4,Novogradnja,Lux,Toplotne pumpe,Garaža
https://www.halooglasi.com/nekretnine/prodaja-stanova/dupleks-na-ceraku-pristinska-id1932/5425645239800?kid=4,Stara gradnja,Za renoviranje,TA,None
https://www.halooglasi.com/nekretnine/prodaja-stanova/divan-penthaus-u-srcu-vracara-kalenic-id1640/5425645535245?kid=4,Stara gradnja,Lux,CG,None
https://www.halooglasi.com/nekretnine/prodaja-stanova/trosoban-stan-izuzetnog-kvaliteta-gradnje/5425646034614?kid=4,,Lux,Podno,"Garaža, Parking"
https://www.halooglasi.com/nekretnine/prodaja-stanova/beograd-knez-mihailova-stan-4-0-127m2/5425645640384?kid=4,Stara gradnja,Izvorno stanje,TA,None
https://www.halooglasi.com/nekretnine/prodaja-stanova/brace-jerkovic-novogradnja/5425645885272?kid=4,Novogradnja,Izvorno stanje,EG,None
https://www.halooglasi.com/nekretnine/prodaja-stanova/divan-penthaus-u-srcu-vracara-kalenic-id1640/5425645535245?kid=4,Stara gradnja,Lux,CG,None
https://www.halooglasi.com/nekretnine/prodaja-stanova/trosoban-stan-izuzetnog-kvaliteta-gradnje/5425646034614?kid=4,,Lux,Podno,"Garaža, Parking"
https://www.halooglasi.com/nekretnine/prodaja-stanova/dupleks-na-ceraku-pristinska-id1932/5425645239800?kid=4,Stara gradnja,Za renoviranje,TA,None
https://www.halooglasi.com/nekretnine/prodaja-stanova/vlasnik---lux-salonac---uknjizen---useljiv-od/5425645765749?kid=4,Stara gradnja,Lux,Toplotne pumpe,None
https://www.halooglasi.com/nekretnine/prodaja-stanova/prodaja-stana-vozdovac-vojvode-stepe-3-0/5425646036690?kid=4,Novogradnja,,,None
https://www.halooglasi.com/nekretnine/prodaja-stanova/uknjizena-garsonjera---zvezdara-id3935/5425645948325?kid=4,Novogradnja,,EG,None
https://www.halooglasi.com/nekretnine/prodaja-stanova/beograd-knez-mihailova-stan-4-0-127m2/5425645640384?kid=4,Stara gradnja,Izvorno stanje,TA,None
https://www.halooglasi.com/nekretnine/prodaja-stanova/luksuzna-nekretnina-retko-u-ponudi-220m232m2t/5425645639505?kid=4,Novogradnja,Lux,CG,"Garaža, Parking"
https://www.halooglasi.com/nekretnine/prodaja-stanova/odlican-dvoiposoban-stan/5425645991030?kid=4,,Renovirano,CG,None
https://www.halooglasi.com/nekretnine/prodaja-stanova/brace-jerkovic-novogradnja/5425645885272?kid=4,Novogradnja,Izvorno stanje,EG,None
https://www.halooglasi.com/nekretnine/prodaja-stanova/beograd-knez-mihailova-stan-4-0-127m2/5425645640384?kid=4,Stara gradnja,Izvorno stanje,TA,None
https://www.halooglasi.com/nekretnine/prodaja-stanova/lux-penthouse-sa-privatnim-bazenom-na-terasi/5425645748613?kid=4,Novogradnja,Lux,Toplotne pumpe,Garaža
https://www.halooglasi.com/nekretnine/prodaja-stanova/top-investicija---jednoiposoban-33m2-id1290/5425646034596?kid=4,,,CG,None
https://www.halooglasi.com/nekretnine/prodaja-stanova/extra-lux-stan-na-lekinom-brdu--bez-provizije/5425645705097?kid=4,Novogradnja,Lux,Podno,Garaža
https://www.halooglasi.com/nekretnine/prodaja-stanova/extra-lux-stan-kod-vuk-spomenika-bez-provizij/5425636344247?kid=4,Novogradnja,Lux,CG,Garaža
https://www.halooglasi.com/nekretnine/prodaja-stanova/luksuzna-nekretnina-retko-u-ponudi-220m232m2t/5425645639505?kid=4,Novogradnja,Lux,CG,"Garaža, Parking"
https://www.halooglasi.com/nekretnine/prodaja-stanova/extra-lux-stan-na-crvenom-krstu-bez-provizije/5425644599288?kid=4,Novogradnja,Lux,Toplotne pumpe,Garaža
https://www.halooglasi.com/nekretnine/prodaja-stanova/moderan-trosoban-stan-kod-zvezdinog-stadiona/5425645925388?kid=4,Novogradnja,,,None
https://www.halooglasi.com/nekretnine/prodaja-stanova/uknjizena-garsonjera---zvezdara-id3935/5425645948325?kid=4,Novogradnja,,EG,None
https://www.halooglasi.com/nekretnine/prodaja-stanova/dupleks-na-ceraku-pristinska-id1932/5425645239800?kid=4,Stara gradnja,Za renoviranje,TA,None
https://www.halooglasi.com/nekretnine/prodaja-stanova/prodaja-stana-vozdovac-vojvode-stepe-3-0/5425646036690?kid=4,Novogradnja,,,None
https://www.halooglasi.com/nekretnine/prodaja-stanova/moderan-trosoban-stan-kod-zvezdinog-stadiona/5425645925388?kid=4,Novogradnja,,,None
https://www.halooglasi.com/nekretnine/prodaja-stanova/lux-renoviran-sa-garazom-u-ceni/5425646036700?kid=4,Stara gradnja,Renovirano,Podno,Garaža
https://www.halooglasi.com/nekretnine/prodaja-stanova/lux-penthouse-sa-privatnim-bazenom-na-terasi/5425645748613?kid=4,Novogradnja,Lux,Toplotne pumpe,Garaža
https://www.halooglasi.com/nekretnine/prodaja-stanova/vlasnik---lux-salonac---uknjizen---useljiv-od/5425645765749?kid=4,Stara gradnja,Lux,Toplotne pumpe,None
https://www.halooglasi.com/nekretnine/prodaja-stanova/trosoban-stan-izuzetnog-kvaliteta-gradnje/5425646034614?kid=4,,Lux,Podno,"Garaža, Parking"
https://www.halooglasi.com/nekretnine/prodaja-stanova/odlican-3-5-stan-u-centru-grada-id1291/5425646034595?kid=4,,,CG,None
https://www.halooglasi.com/nekretnine/prodaja-stanova/top-investicija---jednoiposoban-33m2-id1290/5425646034596?kid=4,,,CG,None
https://www.halooglasi.com/nekretnine/prodaja-stanova/arena-blok-29-4-0-108m2-i/5425645784543?kid=4,Novogradnja,Izvorno stanje,CG,None
https://www.halooglasi.com/nekretnine/prodaja-stanova/extra-lux-stan-na-crvenom-krstu-bez-provizije/5425644599288?kid=4,Novogradnja,Lux,Toplotne pumpe,Garaža
https://www.halooglasi.com/nekretnine/prodaja-stanova/extra-lux-stan-u-izgradnji--bez-provizije/5425644304484?kid=4,Novogradnja,Lux,EG,Garaža
https://www.halooglasi.com/nekretnine/prodaja-stanova/beograd-knez-mihailova-stan-4-0-127m2/5425645640384?kid=4,Stara gradnja,Izvorno stanje,TA,None
https://www.halooglasi.com/nekretnine/prodaja-stanova/lux-renoviran-sa-garazom-u-ceni/5425646036700?kid=4,Stara gradnja,Renovirano,Podno,Garaža
https://www.halooglasi.com/nekretnine/prodaja-stanova/extra-lux-stan-na-lekinom-brdu--bez-provizije/5425645705097?kid=4,Novogradnja,Lux,Podno,Garaža
https://www.halooglasi.com/nekretnine/prodaja-stanova/arena-blok-29-4-0-108m2-i/5425645784543?kid=4,Novogradnja,Izvorno stanje,CG,None
https://www.halooglasi.com/nekretnine/prodaja-stanova/trosoban-stan-izuzetnog-kvaliteta-gradnje/5425646034614?kid=4,,Lux,Podno,"Garaža, Parking"
https://www.halooglasi.com/nekretnine/prodaja-stanova/odlican-3-5-stan-u-centru-grada-id1291/5425646034595?kid=4,,,CG,None
https://www.halooglasi.com/nekretnine/prodaja-stanova/prodaja-stana-vozdovac-vojvode-stepe-3-0/5425646036690?kid=4,Novogradnja,,,None
https://www.halooglasi.com/nekretnine/prodaja-stanova/lux-penthouse-sa-privatnim-bazenom-na-terasi/5425645748613?kid=4,Novogradnja,Lux,Toplotne pumpe,Garaža
https://www.halooglasi.com/nekretnine/prodaja-stanova/divan-penthaus-u-srcu-vracara-kalenic-id1640/5425645535245?kid=4,Stara gradnja,Lux,CG,None
https://www.halooglasi.com/nekretnine/prodaja-stanova/trosoban-stan-izuzetnog-kvaliteta-gradnje/5425646034614?kid=4,,Lux,Podno,"Garaža, Parking"
https://www.halooglasi.com/nekretnine/prodaja-stanova/arena-blok-29-4-0-108m2-i/5425645784543?kid=4,Novogradnja,Izvorno stanje,CG,None
https://www.halooglasi.com/nekretnine/prodaja-stanova/luksuzna-nekretnina-retko-u-ponudi-220m232m2t/5425645639505?kid=4,Novogradnja,Lux,CG,"Garaža, Parking"
https://www.halooglasi.com/nekretnine/prodaja-stanova/moderan-trosoban-stan-kod-zvezdinog-stadiona/5425645925388?kid=4,Novogradnja,,,None
https://www.halooglasi.com/nekretnine/prodaja-stanova/extra-lux-stan-na-crvenom-krstu-bez-provizije/5425644599288?kid=4,Novogradnja,Lux,Toplotne pumpe,Garaža
https://www.halooglasi.com/nekretnine/prodaja-stanova/prodaja-stana-vozdovac-vojvode-stepe-3-0/5425646036690?kid=4,Novogradnja,,,None
https://www.halooglasi.com/nekretnine/prodaja-stanova/brace-jerkovic-novogradnja/5425645885272?kid=4,Novogradnja,Izvorno stanje,EG,None
https://www.halooglasi.com/nekretnine/prodaja-stanova/dupleks-na-ceraku-pristinska-id1932/5425645239800?kid=4,Stara gradnja,Za renoviranje,TA,None
https://www.halooglasi.com/nekretnine/prodaja-stanova/beograd-knez-mihailova-stan-4-0-127m2/5425645640384?kid=4,Stara gradnja,Izvorno stanje,TA,None
https://www.halooglasi.com/nekretnine/prodaja-stanova/top-investicija---jednoiposoban-33m2-id1290/5425646034596?kid=4,,,CG,None
https://www.halooglasi.com/nekretnine/prodaja-stanova/arena-blok-29-4-0-108m2-i/5425645784543?kid=4,Novogradnja,Izvorno stanje,CG,None
https://www.halooglasi.com/nekretnine/prodaja-stanova/trosoban-stan-izuzetnog-kvaliteta-gradnje/5425646034614?kid=4,,Lux,Podno,"Garaža, Parking"
https://www.halooglasi.com/nekretnine/prodaja-stanova/lux-penthouse-sa-privatnim-bazenom-na-terasi/5425645748613?kid=4,Novogradnja,Lux,Toplotne pumpe,Garaža
https://www.halooglasi.com/nekretnine/prodaja-stanova/divan-penthaus-u-srcu-vracara-kalenic-id1640/5425645535245?kid=4,Stara gradnja,Lux,CG,None
https://www.halooglasi.com/nekretnine/prodaja-stanova/luksuzna-nekretnina-retko-u-ponudi-220m232m2t/5425645639505?kid=4,Novogradnja,Lux,CG,"Garaža, Parking"
https://www.halooglasi.com/nekretnine/prodaja-stanova/odlican-3-5-stan-u-centru-grada-id1291/5425646034595?kid=4,,,CG,None
https://www.halooglasi.com/nekretnine/prodaja-stanova/lux-renoviran-sa-garazom-u-ceni/5425646036700?kid=4,Stara gradnja,Renovirano,Podno,Garaža
https://www.halooglasi.com/nekretnine/prodaja-stanova/odlican-dvoiposoban-stan/5425645991030?kid=4,,Renovirano,CG,None
https://www.halooglasi.com/nekretnine/prodaja-stanova/lux-penthouse-sa-privatnim-bazenom-na-terasi/5425645748613?kid=4,Novogradnja,Lux,Toplotne pumpe,Garaža
https://www.halooglasi.com/nekretnine/prodaja-stanova/extra-lux-stan-na-crvenom-krstu-bez-provizije/5425644599288?kid=4,Novogradnja,Lux,Toplotne pumpe,Garaža
https://www.halooglasi.com/nekretnine/prodaja-stanova/uknjizena-garsonjera---zvezdara-id3935/5425645948325?kid=4,Novogradnja,,EG,None
https://www.halooglasi.com/nekretnine/prodaja-stanova/arena-blok-29-4-0-108m2-i/5425645784543?kid=4,Novogradnja,Izvorno stanje,CG,None
https://www.halooglasi.com/nekretnine/prodaja-stanova/brace-jerkovic-novogradnja/5425645885272?kid=4,Novogradnja,Izvorno stanje,EG,None
https://www.halooglasi.com/nekretnine/prodaja-stanova/extra-lux-stan-kod-vuk-spomenika-bez-provizij/5425636344247?kid=4,Novogradnja,Lux,CG,Garaža
https://www.halooglasi.com/nekretnine/prodaja-stanova/vlasnik---lux-salonac---uknjizen---useljiv-od/5425645765749?kid=4,Stara gradnja,Lux,Toplotne pumpe,None
https://www.halooglasi.com/nekretnine/prodaja-stanova/extra-lux-stan-na-lekinom-brdu--bez-provizije/5425645705097?kid=4,Novogradnja,Lux,Podno,Garaža
https://www.halooglasi.com/nekretnine/prodaja-stanova/moderan-trosoban-stan-kod-zvezdinog-stadiona/5425645925388?kid=4,Novogradnja,,,None
https://www.halooglasi.com/nekretnine/prodaja-stanova/extra-lux-stan-kod-vuk-spomenika-bez-provizij/5425636344247?kid=4,Novogradnja,Lux,CG,Garaža
https://www.halooglasi.com/nekretnine/prodaja-stanova/arena-blok-29-4-0-108m2-i/5425645784543?kid=4,Novogradnja,Izvorno stanje,CG,None
https://www.halooglasi.com/nekretnine/prodaja-stanova/lux-renoviran-sa-garazom-u-ceni/5425646036700?kid=4,Stara gradnja,Renovirano,Podno,Garaža
https://www.halooglasi.com/nekretnine/prodaja-stanova/dupleks-na-ceraku-pristinska-id1932/5425645239800?kid=4,Stara gradnja,Za renoviranje,TA,None
https://www.halooglasi.com/nekretnine/prodaja-stanova/odlican-3-5-stan-u-centru-grada-id1291/5425646034595?kid=4,,,CG,None
https://www.halooglasi.com/nekretnine/prodaja-stanova/beograd-knez-mihailova-stan-4-0-127m2/5425645640384?kid=4,Stara gradnja,Izvorno stanje,TA,None
https://www.halooglasi.com/nekretnine/prodaja-stanova/arena-blok-29-4-0-108m2-i/5425645784543?kid=4,Novogradnja,Izvorno stanje,CG,None
https://www.halooglasi.com/nekretnine/prodaja-stanova/lux-penthouse-sa-privatnim-bazenom-na-terasi/5425645748613?kid=4,Novogradnja,Lux,Toplotne pumpe,Garaža
https://www.halooglasi.com/nekretnine/prodaja-stanova/lux-renoviran-sa-garazom-u-ceni/5425646036700?kid=4,Stara gradnja,Renovirano,Podno,Garaža
https://www.halooglasi.com/nekretnine/prodaja-stanova/divan-penthaus-u-srcu-vracara-kalenic-id1640/5425645535245?kid=4,Stara gradnja,Lux,CG,None
https://www.halooglasi.com/nekretnine/prodaja-stanova/prodaja-stana-vozdovac-vojvode-stepe-3-0/5425646036690?kid=4,Novogradnja,,,None
https://www.halooglasi.com/nekretnine/prodaja-stanova/top-investicija---jednoiposoban-33m2-id1290/5425646034596?kid=4,,,CG,None
https://www.halooglasi.com/nekretnine/prodaja-stanova/odlican-3-5-stan-u-centru-grada-id1291/5425646034595?kid=4,,,CG,None
https://www.halooglasi.com/nekretnine/prodaja-stanova/extra-lux-stan-na-lekinom-brdu--bez-provizije/5425645705097?kid=4,Novogradnja,Lux,Podno,Garaža
https://www.halooglasi.com/nekretnine/prodaja-stanova/moderan-trosoban-stan-kod-zvezdinog-stadiona/5425645925388?kid=4,Novogradnja,,,None
https://www.halooglasi.com/nekretnine/prodaja-stanova/divan-penthaus-u-srcu-vracara-kalenic-id1640/5425645535245?kid=4,Stara gradnja,Lux,CG,None
https://www.halooglasi.com/nekretnine/prodaja-stanova/odlican-dvoiposoban-stan/5425645991030?kid=4,,Renovirano,CG,None
https://www.halooglasi.com/nekretnine/prodaja-stanova/prodaja-stana-vozdovac-vojvode-stepe-3-0/5425646036690?kid=4,Novogradnja,,,None
https://www.halooglasi.com/nekretnine/prodaja-stanova/extra-lux-stan-kod-vuk-spomenika-bez-provizij/5425636344247?kid=4,Novogradnja,Lux,CG,Garaža
https://www.halooglasi.com/nekretnine/prodaja-stanova/extra-lux-stan-na-crvenom-krstu-bez-provizije/5425644599288?kid=4,Novogradnja,Lux,Toplotne pumpe,Garaža
https://www.halooglasi.com/nekretnine/prodaja-stanova/uknjizena-garsonjera---zvezdara-id3935/5425645948325?kid=4,Novogradnja,,EG,None
https://www.halooglasi.com/nekretnine/prodaja-stanova/lux-renoviran-sa-garazom-u-ceni/5425646036700?kid=4,Stara gradnja,Renovirano,Podno,Garaža
https://www.halooglasi.com/nekretnine/prodaja-stanova/vlasnik---lux-salonac---uknjizen---useljiv-od/5425645765749?kid=4,Stara gradnja,Lux,Toplotne pumpe,None
https://www.halooglasi.com/nekretnine/prodaja-stanova/arena-blok-29-4-0-108m2-i/5425645784543?kid=4,Novogradnja,Izvorno stanje,CG,None
https://www.halooglasi.com/nekretnine/prodaja-stanova/extra-lux-stan-na-crvenom-krstu-bez-provizije/5425644599288?kid=4,Novogradnja,Lux,Toplotne pumpe,Garaža
https://www.halooglasi.com/nekretnine/prodaja-stanova/moderan-trosoban-stan-kod-zvezdinog-stadiona/5425645925388?kid=4,Novogradnja,,,None
https://www.halooglasi.com/nekretnine/prodaja-stanova/extra-lux-stan-kod-vuk-spomenika-bez-provizij/5425636344247?kid=4,Novogradnja,Lux,CG,Garaža
https://www.halooglasi.com/nekretnine/prodaja-stanova/dupleks-na-ceraku-pristinska-id1932/5425645239800?kid=4,Stara gradnja,Za renoviranje,TA,None
https://www.halooglasi.com/nekretnine/prodaja-stanova/trosoban-stan-izuzetnog-kvaliteta-gradnje/5425646034614?kid=4,,Lux,Podno,"Garaža, Parking"
https://www.halooglasi.com/nekretnine/prodaja-stanova/extra-lux-stan-na-lekinom-brdu--bez-provizije/5425645705097?kid=4,Novogradnja,Lux,Podno,Garaža
https://www.halooglasi.com/nekretnine/prodaja-stanova/lux-penthouse-sa-privatnim-bazenom-na-terasi/5425645748613?kid=4,Novogradnja,Lux,Toplotne pumpe,Garaža
https://www.halooglasi.com/nekretnine/prodaja-stanova/lux-renoviran-sa-garazom-u-ceni/5425646036700?kid=4,Stara gradnja,Renovirano,Podno,Garaža
https://www.halooglasi.com/nekretnine/prodaja-stanova/divan-penthaus-u-srcu-vracara-kalenic-id1640/5425645535245?kid=4,Stara gradnja,Lux,CG,None
https://www.halooglasi.com/nekretnine/prodaja-stanova/odlican-dvoiposoban-stan/5425645991030?kid=4,,Renovirano,CG,None
https://www.halooglasi.com/nekretnine/prodaja-stanova/top-investicija---jednoiposoban-33m2-id1290/5425646034596?kid=4,,,CG,None
https://www.halooglasi.com/nekretnine/prodaja-stanova/divan-penthaus-u-srcu-vracara-kalenic-id1640/5425645535245?kid=4,Stara gradnja,Lux,CG,None
https://www.halooglasi.com/nekretnine/prodaja-stanova/moderan-trosoban-stan-kod-zvezdinog-stadiona/5425645925388?kid=4,Novogradnja,,,None
https://www.halooglasi.com/nekretnine/prodaja-stanova/prodaja-stana-vozdovac-vojvode-stepe-3-0/5425646036690?kid=4,Novogradnja,,,None
https://www.halooglasi.com/nekretnine/prodaja-stanova/trosoban-stan-izuzetnog-kvaliteta-gradnje/5425646034614?kid=4,,Lux,Podno,"Garaža, Parking"
https://www.halooglasi.com/nekretnine/prodaja-stanova/uknjizena-garsonjera---zvezdara-id3935/5425645948325?kid=4,Novogradnja,,EG,None
https://www.halooglasi.com/nekretnine/prodaja-stanova/trosoban-stan-izuzetnog-kvaliteta-gradnje/5425646034614?kid=4,,Lux,Podno,"Garaža, Parking"
https://www.halooglasi.com/nekretnine/prodaja-stanova/brace-jerkovic-novogradnja/5425645885272?kid=4,Novogradnja,Izvorno stanje,EG,None
https://www.halooglasi.com/nekretnine/prodaja-stanova/extra-lux-stan-na-lekinom-brdu--bez-provizije/5425645705097?kid=4,Novogradnja,Lux,Podno,Garaža
https://www.halooglasi.com/nekretnine/prodaja-stanova/arena-blok-29-4-0-108m2-i/5425645784543?kid=4,Novogradnja,Izvorno stanje,CG,None
https://www.halooglasi.com/nekretnine/prodaja-stanova/odlican-3-5-stan-u-centru-grada-id1291/5425646034595?kid=4,,,CG,None
https://www.halooglasi.com/nekretnine/prodaja-stanova/extra-lux-stan-kod-vuk-spomenika-bez-provizij/5425636344247?kid=4,Novogradnja,Lux,CG,Garaža
https://www.halooglasi.com/nekretnine/prodaja-stanova/beograd-knez-mihailova-stan-4-0-127m2/5425645640384?kid=4,Stara gradnja,Izvorno stanje,TA,None
https://www.halooglasi.com/nekretnine/prodaja-stanova/luksuzna-nekretnina-retko-u-ponudi-220m232m2t/5425645639505?kid=4,Novogradnja,Lux,CG,"Garaža, Parking"
https://www.halooglasi.com/nekretnine/prodaja-stanova/top-investicija---jednoiposoban-33m2-id1290/5425646034596?kid=4,,,CG,None
https://www.halooglasi.com/nekretnine/prodaja-stanova/uknjizena-garsonjera---zvezdara-id3935/5425645948325?kid=4,Novogradnja,,EG,None
https://www.halooglasi.com/nekretnine/prodaja-stanova/extra-lux-stan-na-lekinom-brdu--bez-provizije/5425645705097?kid=4,Novogradnja,Lux,Podno,Garaža
https://www.halooglasi.com/nekretnine/prodaja-stanova/top-investicija---jednoiposoban-33m2-id1290/5425646034596?kid=4,,,CG,None
https://www.halooglasi.com/nekretnine/prodaja-stanova/vlasnik---lux-salonac---uknjizen---useljiv-od/5425645765749?kid=4,Stara gradnja,Lux,Toplotne pumpe,None
https://www.halooglasi.com/nekretnine/prodaja-stanova/extra-lux-stan-na-crvenom-krstu-bez-provizije/5425644599288?kid=4,Novogradnja,Lux,Toplotne pumpe,Garaža
https://www.halooglasi.com/nekretnine/prodaja-stanova/brace-jerkovic-novogradnja/5425645885272?kid=4,Novogradnja,Izvorno stanje,EG,None
https://www.halooglasi.com/nekretnine/prodaja-stanova/divan-penthaus-u-srcu-vracara-kalenic-id1640/5425645535245?kid=4,Stara gradnja,Lux,CG,None
https://www.halooglasi.com/nekretnine/prodaja-stanova/extra-lux-stan-kod-vuk-spomenika-bez-provizij/5425636344247?kid=4,Novogradnja,Lux,CG,Garaža
https://www.halooglasi.com/nekretnine/prodaja-stanova/extra-lux-stan-u-izgradnji--bez-provizije/5425644304484?kid=4,Novogradnja,Lux,EG,Garaža
https://www.halooglasi.com/nekretnine/prodaja-stanova/lux-renoviran-sa-garazom-u-ceni/5425646036700?kid=4,Stara gradnja,Renovirano,Podno,Garaža
https://www.halooglasi.com/nekretnine/prodaja-stanova/dupleks-na-ceraku-pristinska-id1932/5425645239800?kid=4,Stara gradnja,Za renoviranje,TA,None
https://www.halooglasi.com/nekretnine/prodaja-stanova/uknjizena-garsonjera---zvezdara-id3935/5425645948325?kid=4,Novogradnja,,EG,None
https://www.halooglasi.com/nekretnine/prodaja-stanova/extra-lux-stan-kod-vuk-spomenika-bez-provizij/5425636344247?kid=4,Novogradnja,Lux,CG,Garaža
https://www.halooglasi.com/nekretnine/prodaja-stanova/lux-penthouse-sa-privatnim-bazenom-na-terasi/5425645748613?kid=4,Novogradnja,Lux,Toplotne pumpe,Garaža
https://www.halooglasi.com/nekretnine/prodaja-stanova/prodaja-stana-vozdovac-vojvode-stepe-3-0/5425646036690?kid=4,Novogradnja,,,None
https://www.halooglasi.com/nekretnine/prodaja-stanova/odlican-dvoiposoban-stan/5425645991030?kid=4,,Renovirano,CG,None
https://www.halooglasi.com/nekretnine/prodaja-stanova/extra-lux-stan-na-lekinom-brdu--bez-provizije/5425645705097?kid=4,Novogradnja,Lux,Podno,Garaža
https://www.halooglasi.com/nekretnine/prodaja-stanova/moderan-trosoban-stan-kod-zvezdinog-stadiona/5425645925388?kid=4,Novogradnja,,,None
https://www.halooglasi.com/nekretnine/prodaja-stanova/extra-lux-stan-na-crvenom-krstu-bez-provizije/5425644599288?kid=4,Novogradnja,Lux,Toplotne pumpe,Garaža
https://www.halooglasi.com/nekretnine/prodaja-stanova/lux-penthouse-sa-privatnim-bazenom-na-terasi/5425645748613?kid=4,Novogradnja,Lux,Toplotne pumpe,Garaža
https://www.halooglasi.com/nekretnine/prodaja-stanova/odlican-dvoiposoban-stan/5425645991030?kid=4,,Renovirano,CG,None
https://www.halooglasi.com/nekretnine/prodaja-stanova/trosoban-stan-izuzetnog-kvaliteta-gradnje/5425646034614?kid=4,,Lux,Podno,"Garaža, Parking"
https://www.halooglasi.com/nekretnine/prodaja-stanova/vlasnik---lux-salonac---uknjizen---useljiv-od/5425645765749?kid=4,Stara gradnja,Lux,Toplotne pumpe,None
https://www.halooglasi.com/nekretnine/prodaja-stanova/extra-lux-stan-na-lekinom-brdu--bez-provizije/5425645705097?kid=4,Novogradnja,Lux,Podno,Garaža
https://www.halooglasi.com/nekretnine/prodaja-stanova/brace-jerkovic-novogradnja/5425645885272?kid=4,Novogradnja,Izvorno stanje,EG,None
https://www.halooglasi.com/nekretnine/prodaja-stanova/trosoban-stan-izuzetnog-kvaliteta-gradnje/5425646034614?kid=4,,Lux,Podno,"Garaža, Parking"
https://www.halooglasi.com/nekretnine/prodaja-stanova/prodaja-stana-vozdovac-vojvode-stepe-3-0/5425646036690?kid=4,Novogradnja,,,None
https://www.halooglasi.com/nekretnine/prodaja-stanova/extra-lux-stan-na-crvenom-krstu-bez-provizije/5425644599288?kid=4,Novogradnja,Lux,Toplotne pumpe,Garaža
https://www.halooglasi.com/nekretnine/prodaja-stanova/extra-lux-stan-kod-vuk-spomenika-bez-provizij/5425636344247?kid=4,Novogradnja,Lux,CG,Garaža
https://www.halooglasi.com/nekretnine/prodaja-stanova/moderan-trosoban-stan-kod-zvezdinog-stadiona/5425645925388?kid=4,Novogradnja,,,None
https://www.halooglasi.com/nekretnine/prodaja-stanova/odlican-dvoiposoban-stan/5425645991030?kid=4,,Renovirano,CG,None
https://www.halooglasi.com/nekretnine/prodaja-stanova/extra-lux-stan-u-izgradnji--bez-provizije/5425644304484?kid=4,Novogradnja,Lux,EG,Garaža
https://www.halooglasi.com/nekretnine/prodaja-stanova/lux-renoviran-sa-garazom-u-ceni/5425646036700?kid=4,Stara gradnja,Renovirano,Podno,Garaža
https://www.halooglasi.com/nekretnine/prodaja-stanova/arena-blok-29-4-0-108m2-i/5425645784543?kid=4,Novogradnja,Izvorno stanje,CG,None
https://www.halooglasi.com/nekretnine/prodaja-stanova/luksuzna-nekretnina-retko-u-ponudi-220m232m2t/5425645639505?kid=4,Novogradnja,Lux,CG,"Garaža, Parking"
https://www.halooglasi.com/nekretnine/prodaja-stanova/luksuzna-nekretnina-retko-u-ponudi-220m232m2t/5425645639505?kid=4,Novogradnja,Lux,CG,"Garaža, Parking"
https://www.halooglasi.com/nekretnine/prodaja-stanova/prodaja-stana-vozdovac-vojvode-stepe-3-0/5425646036690?kid=4,Novogradnja,,,None
https://www.halooglasi.com/nekretnine/prodaja-stanova/top-investicija---jednoiposoban-33m2-id1290/5425646034596?kid=4,,,CG,None
https://www.halooglasi.com/nekretnine/prodaja-stanova/divan-penthaus-u-srcu-vracara-kalenic-id1640/5425645535245?kid=4,Stara gradnja,Lux,CG,None
https://www.halooglasi.com/nekretnine/prodaja-stanova/extra-lux-stan-na-lekinom-brdu--bez-provizije/5425645705097?kid=4,Novogradnja,Lux,Podno,Garaža
https://www.halooglasi.com/nekretnine/prodaja-stanova/lux-renoviran-sa-garazom-u-ceni/5425646036700?kid=4,Stara gradnja,Renovirano,Podno,Garaža
https://www.halooglasi.com/nekretnine/prodaja-stanova/uknjizena-garsonjera---zvezdara-id3935/5425645948325?kid=4,Novogradnja,,EG,None
https://www.halooglasi.com/nekretnine/prodaja-stanova/dupleks-na-ceraku-pristinska-id1932/5425645239800?kid=4,Stara gradnja,Za renoviranje,TA,None
https://www.halooglasi.com/nekretnine/prodaja-stanova/moderan-trosoban-stan-kod-zvezdinog-stadiona/5425645925388?kid=4,Novogradnja,,,None
https://www.halooglasi.com/nekretnine/prodaja-stanova/arena-blok-29-4-0-108m2-i/5425645784543?kid=4,Novogradnja,Izvorno stanje,CG,None
https://www.halooglasi.com/nekretnine/prodaja-stanova/odlican-3-5-stan-u-centru-grada-id1291/5425646034595?kid=4,,,CG,None
https://www.halooglasi.com/nekretnine/prodaja-stanova/vlasnik---lux-salonac---uknjizen---useljiv-od/5425645765749?kid=4,Stara gradnja,Lux,Toplotne pumpe,None
https://www.halooglasi.com/nekretnine/prodaja-stanova/brace-jerkovic-novogradnja/5425645885272?kid=4,Novogradnja,Izvorno stanje,EG,None
https://www.halooglasi.com/nekretnine/prodaja-stanova/extra-lux-stan-na-lekinom-brdu--bez-provizije/5425645705097?kid=4,Novogradnja,Lux,Podno,Garaža
https://www.halooglasi.com/nekretnine/prodaja-stanova/moderan-trosoban-stan-kod-zvezdinog-stadiona/5425645925388?kid=4,Novogradnja,,,None
https://www.halooglasi.com/nekretnine/prodaja-stanova/odlican-dvoiposoban-stan/5425645991030?kid=4,,Renovirano,CG,None
https://www.halooglasi.com/nekretnine/prodaja-stanova/dupleks-na-ceraku-pristinska-id1932/5425645239800?kid=4,Stara gradnja,Za renoviranje,TA,None
https://www.halooglasi.com/nekretnine/prodaja-stanova/extra-lux-stan-na-crvenom-krstu-bez-provizije/5425644599288?kid=4,Novogradnja,Lux,Toplotne pumpe,Garaža
https://www.halooglasi.com/nekretnine/prodaja-stanova/uknjizena-garsonjera---zvezdara-id3935/5425645948325?kid=4,Novogradnja,,EG,None
https://www.halooglasi.com/nekretnine/prodaja-stanova/odlican-3-5-stan-u-centru-grada-id1291/5425646034595?kid=4,,,CG,None
https://www.halooglasi.com/nekretnine/prodaja-stanova/divan-penthaus-u-srcu-vracara-kalenic-id1640/5425645535245?kid=4,Stara gradnja,Lux,CG,None
https://www.halooglasi.com/nekretnine/prodaja-stanova/lux-penthouse-sa-privatnim-bazenom-na-terasi/5425645748613?kid=4,Novogradnja,Lux,Toplotne pumpe,Garaža
https://www.halooglasi.com/nekretnine/prodaja-stanova/arena-blok-29-4-0-108m2-i/5425645784543?kid=4,Novogradnja,Izvorno stanje,CG,None
https://www.halooglasi.com/nekretnine/prodaja-stanova/luksuzna-nekretnina-retko-u-ponudi-220m232m2t/5425645639505?kid=4,Novogradnja,Lux,CG,"Garaža, Parking"
https://www.halooglasi.com/nekretnine/prodaja-stanova/brace-jerkovic-novogradnja/5425645885272?kid=4,Novogradnja,Izvorno stanje,EG,None
https://www.halooglasi.com/nekretnine/prodaja-stanova/extra-lux-stan-na-lekinom-brdu--bez-provizije/5425645705097?kid=4,Novogradnja,Lux,Podno,Garaža
https://www.halooglasi.com/nekretnine/prodaja-stanova/lux-renoviran-sa-garazom-u-ceni/5425646036700?kid=4,Stara gradnja,Renovirano,Podno,Garaža
https://www.halooglasi.com/nekretnine/prodaja-stanova/beograd-knez-mihailova-stan-4-0-127m2/5425645640384?kid=4,Stara gradnja,Izvorno stanje,TA,None
https://www.halooglasi.com/nekretnine/prodaja-stanova/odlican-dvoiposoban-stan/5425645991030?kid=4,,Renovirano,CG,None
https://www.halooglasi.com/nekretnine/prodaja-stanova/extra-lux-stan-na-crvenom-krstu-bez-provizije/5425644599288?kid=4,Novogradnja,Lux,Toplotne pumpe,Garaža
https://www.halooglasi.com/nekretnine/prodaja-stanova/top-investicija---jednoiposoban-33m2-id1290/5425646034596?kid=4,,,CG,None
https://www.halooglasi.com/nekretnine/prodaja-stanova/vlasnik---lux-salonac---uknjizen---useljiv-od/5425645765749?kid=4,Stara gradnja,Lux,Toplotne pumpe,None
https://www.halooglasi.com/nekretnine/prodaja-stanova/luksuzna-nekretnina-retko-u-ponudi-220m232m2t/5425645639505?kid=4,Novogradnja,Lux,CG,"Garaža, Parking"
https://www.halooglasi.com/nekretnine/prodaja-stanova/extra-lux-stan-u-izgradnji--bez-provizije/5425644304484?kid=4,Novogradnja,Lux,EG,Garaža
https://www.halooglasi.com/nekretnine/prodaja-stanova/dupleks-na-ceraku-pristinska-id1932/5425645239800?kid=4,Stara gradnja,Za renoviranje,TA,None
https://www.halooglasi.com/nekretnine/prodaja-stanova/brace-jerkovic-novogradnja/5425645885272?kid=4,Novogradnja,Izvorno stanje,EG,None
https://www.halooglasi.com/nekretnine/prodaja-stanova/uknjizena-garsonjera---zvezdara-id3935/5425645948325?kid=4,Novogradnja,,EG,None
https://www.halooglasi.com/nekretnine/prodaja-stanova/lux-penthouse-sa-privatnim-bazenom-na-terasi/5425645748613?kid=4,Novogradnja,Lux,Toplotne pumpe,Garaža
https://www.halooglasi.com/nekretnine/prodaja-stanova/odlican-3-5-stan-u-centru-grada-id1291/5425646034595?kid=4,,,CG,None
https://www.halooglasi.com/nekretnine/prodaja-stanova/lux-renoviran-sa-garazom-u-ceni/5425646036700?kid=4,Stara gradnja,Renovirano,Podno,Garaža
https://www.halooglasi.com/nekretnine/prodaja-stanova/odlican-dvoiposoban-stan/5425645991030?kid=4,,Renovirano,CG,None
https://www.halooglasi.com/nekretnine/prodaja-stanova/dupleks-na-ceraku-pristinska-id1932/5425645239800?kid=4,Stara gradnja,Za renoviranje,TA,None
https://www.halooglasi.com/nekretnine/prodaja-stanova/top-investicija---jednoiposoban-33m2-id1290/5425646034596?kid=4,,,CG,None
https://www.halooglasi.com/nekretnine/prodaja-stanova/extra-lux-stan-na-crvenom-krstu-bez-provizije/5425644599288?kid=4,Novogradnja,Lux,Toplotne pumpe,Garaža
https://www.halooglasi.com/nekretnine/prodaja-stanova/extra-lux-stan-na-lekinom-brdu--bez-provizije/5425645705097?kid=4,Novogradnja,Lux,Podno,Garaža
https://www.halooglasi.com/nekretnine/prodaja-stanova/prodaja-stana-vozdovac-vojvode-stepe-3-0/5425646036690?kid=4,Novogradnja,,,None
https://www.halooglasi.com/nekretnine/prodaja-stanova/lux-penthouse-sa-privatnim-bazenom-na-terasi/5425645748613?kid=4,Novogradnja,Lux,Toplotne pumpe,Garaža
https://www.halooglasi.com/nekretnine/prodaja-stanova/odlican-3-5-stan-u-centru-grada-id1291/5425646034595?kid=4,,,CG,None
https://www.halooglasi.com/nekretnine/prodaja-stanova/extra-lux-stan-u-izgradnji--bez-provizije/5425644304484?kid=4,Novogradnja,Lux,EG,Garaža
https://www.halooglasi.com/nekretnine/prodaja-stanova/vlasnik---lux-salonac---uknjizen---useljiv-od/5425645765749?kid=4,Stara gradnja,Lux,Toplotne pumpe,None
https://www.halooglasi.com/nekretnine/prodaja-stanova/arena-blok-29-4-0-108m2-i/5425645784543?kid=4,Novogradnja,Izvorno stanje,CG,None
https://www.halooglasi.com/nekretnine/prodaja-stanova/odlican-dvoiposoban-stan/5425645991030?kid=4,,Renovirano,CG,None
https://www.halooglasi.com/nekretnine/prodaja-stanova/lux-renoviran-sa-garazom-u-ceni/5425646036700?kid=4,Stara gradnja,Renovirano,Podno,Garaža
https://www.halooglasi.com/nekretnine/prodaja-stanova/brace-jerkovic-novogradnja/5425645885272?kid=4,Novogradnja,Izvorno stanje,EG,None
https://www.halooglasi.com/nekretnine/prodaja-stanova/trosoban-stan-izuzetnog-kvaliteta-gradnje/5425646034614?kid=4,,Lux,Podno,"Garaža, Parking"
https://www.halooglasi.com/nekretnine/prodaja-stanova/extra-lux-stan-na-lekinom-brdu--bez-provizije/5425645705097?kid=4,Novogradnja,Lux,Podno,Garaža
https://www.halooglasi.com/nekretnine/prodaja-stanova/beograd-knez-mihailova-stan-4-0-127m2/5425645640384?kid=4,Stara gradnja,Izvorno stanje,TA,None
https://www.halooglasi.com/nekretnine/prodaja-stanova/prodaja-stana-vozdovac-vojvode-stepe-3-0/5425646036690?kid=4,Novogradnja,,,None
https://www.halooglasi.com/nekretnine/prodaja-stanova/extra-lux-stan-kod-vuk-spomenika-bez-provizij/5425636344247?kid=4,Novogradnja,Lux,CG,Garaža
https://www.halooglasi.com/nekretnine/prodaja-stanova/extra-lux-stan-u-izgradnji--bez-provizije/5425644304484?kid=4,Novogradnja,Lux,EG,Garaža
https://www.halooglasi.com/nekretnine/prodaja-stanova/arena-blok-29-4-0-108m2-i/5425645784543?kid=4,Novogradnja,Izvorno stanje,CG,None
https://www.halooglasi.com/nekretnine/prodaja-stanova/divan-penthaus-u-srcu-vracara-kalenic-id1640/5425645535245?kid=4,Stara gradnja,Lux,CG,None
https://www.halooglasi.com/nekretnine/prodaja-stanova/odlican-dvoiposoban-stan/5425645991030?kid=4,,Renovirano,CG,None
https://www.halooglasi.com/nekretnine/prodaja-stanova/brace-jerkovic-novogradnja/5425645885272?kid=4,Novogradnja,Izvorno stanje,EG,None
https://www.halooglasi.com/nekretnine/prodaja-stanova/odlican-3-5-stan-u-centru-grada-id1291/5425646034595?kid=4,,,CG,None
https://www.halooglasi.com/nekretnine/prodaja-stanova/extra-lux-stan-na-lekinom-brdu--bez-provizije/5425645705097?kid=4,Novogradnja,Lux,Podno,Garaža
https://www.halooglasi.com/nekretnine/prodaja-stanova/dupleks-na-ceraku-pristinska-id1932/5425645239800?kid=4,Stara gradnja,Za renoviranje,TA,None
https://www.halooglasi.com/nekretnine/prodaja-stanova/vlasnik---lux-salonac---uknjizen---useljiv-od/5425645765749?kid=4,Stara gradnja,Lux,Toplotne pumpe,None
https://www.halooglasi.com/nekretnine/prodaja-stanova/lux-renoviran-sa-garazom-u-ceni/5425646036700?kid=4,Stara gradnja,Renovirano,Podno,Garaža
https://www.halooglasi.com/nekretnine/prodaja-stanova/odlican-3-5-stan-u-centru-grada-id1291/5425646034595?kid=4,,,CG,None
https://www.halooglasi.com/nekretnine/prodaja-stanova/extra-lux-stan-kod-vuk-spomenika-bez-provizij/5425636344247?kid=4,Novogradnja,Lux,CG,Garaža
https://www.halooglasi.com/nekretnine/prodaja-stanova/top-investicija---jednoiposoban-33m2-id1290/5425646034596?kid=4,,,CG,None
https://www.halooglasi.com/nekretnine/prodaja-stanova/extra-lux-stan-na-crvenom-krstu-bez-provizije/5425644599288?kid=4,Novogradnja,Lux,Toplotne pumpe,Garaža
https://www.halooglasi.com/nekretnine/prodaja-stanova/brace-jerkovic-novogradnja/5425645885272?kid=4,Novogradnja,Izvorno stanje,EG,None
https://www.halooglasi.com/nekretnine/prodaja-stanova/luksuzna-nekretnina-retko-u-ponudi-220m232m2t/5425645639505?kid=4,Novogradnja,Lux,CG,"Garaža, Parking"
https://www.halooglasi.com/nekretnine/prodaja-stanova/odlican-dvoiposoban-stan/5425645991030?kid=4,,Renovirano,CG,None
https://www.halooglasi.com/nekretnine/prodaja-stanova/lux-penthouse-sa-privatnim-bazenom-na-terasi/5425645748613?kid=4,Novogradnja,Lux,Toplotne pumpe,Garaža
https://www.halooglasi.com/nekretnine/prodaja-stanova/uknjizena-garsonjera---zvezdara-id3935/5425645948325?kid=4,Novogradnja,,EG,None
https://www.halooglasi.com/nekretnine/prodaja-stanova/luksuzna-nekretnina-retko-u-ponudi-220m232m2t/5425645639505?kid=4,Novogradnja,Lux,CG,"Garaža, Parking"
https://www.halooglasi.com/nekretnine/prodaja-stanova/brace-jerkovic-novogradnja/5425645885272?kid=4,Novogradnja,Izvorno stanje,EG,None
https://www.halooglasi.com/nekretnine/prodaja-stanova/odlican-3-5-stan-u-centru-grada-id1291/5425646034595?kid=4,,,CG,None
https://www.halooglasi.com/nekretnine/prodaja-stanova/lux-renoviran-sa-garazom-u-ceni/5425646036700?kid=4,Stara gradnja,Renovirano,Podno,Garaža
https://www.halooglasi.com/nekretnine/prodaja-stanova/extra-lux-stan-na-crvenom-krstu-bez-provizije/5425644599288?kid=4,Novogradnja,Lux,Toplotne pumpe,Garaža
https://www.halooglasi.com/nekretnine/prodaja-stanova/beograd-knez-mihailova-stan-4-0-127m2/5425645640384?kid=4,Stara gradnja,Izvorno stanje,TA,None
https://www.halooglasi.com/nekretnine/prodaja-stanova/vlasnik---lux-salonac---uknjizen---useljiv-od/5425645765749?kid=4,Stara gradnja,Lux,Toplotne pumpe,None
https://www.halooglasi.com/nekretnine/prodaja-stanova/extra-lux-stan-u-izgradnji--bez-provizije/5425644304484?kid=4,Novogradnja,Lux,EG,Garaža
https://www.halooglasi.com/nekretnine/prodaja-stanova/extra-lux-stan-na-crvenom-krstu-bez-provizije/5425644599288?kid=4,Novogradnja,Lux,Toplotne pumpe,Garaža
https://www.halooglasi.com/nekretnine/prodaja-stanova/extra-lux-stan-kod-vuk-spomenika-bez-provizij/5425636344247?kid=4,Novogradnja,Lux,CG,Garaža
https://www.halooglasi.com/nekretnine/prodaja-stanova/uknjizena-garsonjera---zvezdara-id3935/5425645948325?kid=4,Novogradnja,,EG,None
https://www.halooglasi.com/nekretnine/prodaja-stanova/arena-blok-29-4-0-108m2-i/5425645784543?kid=4,Novogradnja,Izvorno stanje,CG,None
https://www.halooglasi.com/nekretnine/prodaja-stanova/luksuzna-nekretnina-retko-u-ponudi-220m232m2t/5425645639505?kid=4,Novogradnja,Lux,CG,"Garaža, Parking"
https://www.halooglasi.com/nekretnine/prodaja-stanova/trosoban-stan-izuzetnog-kvaliteta-gradnje/5425646034614?kid=4,,Lux,Podno,"Garaža, Parking"
https://www.halooglasi.com/nekretnine/prodaja-stanova/brace-jerkovic-novogradnja/5425645885272?kid=4,Novogradnja,Izvorno stanje,EG,None
https://www.halooglasi.com/nekretnine/prodaja-stanova/extra-lux-stan-u-izgradnji--bez-provizije/5425644304484?kid=4,Novogradnja,Lux,EG,Garaža
https://www.halooglasi.com/nekretnine/prodaja-stanova/prodaja-stana-vozdovac-vojvode-stepe-3-0/5425646036690?kid=4,Novogradnja,,,None
https://www.halooglasi.com/nekretnine/prodaja-stanova/dupleks-na-ceraku-pristinska-id1932/5425645239800?kid=4,Stara gradnja,Za renoviranje,TA,None
https://www.halooglasi.com/nekretnine/prodaja-stanova/uknjizena-garsonjera---zvezdara-id3935/5425645948325?kid=4,Novogradnja,,EG,None
https://www.halooglasi.com/nekretnine/prodaja-stanova/brace-jerkovic-novogradnja/5425645885272?kid=4,Novogradnja,Izvorno stanje,EG,None
https://www.halooglasi.com/nekretnine/prodaja-stanova/lux-renoviran-sa-garazom-u-ceni/5425646036700?kid=4,Stara gradnja,Renovirano,Podno,Garaža
https://www.halooglasi.com/nekretnine/prodaja-stanova/moderan-trosoban-stan-kod-zvezdinog-stadiona/5425645925388?kid=4,Novogradnja,,,None
https://www.halooglasi.com/nekretnine/prodaja-stanova/top-investicija---jednoiposoban-33m2-id1290/5425646034596?kid=4,,,CG,None
https://www.halooglasi.com/nekretnine/prodaja-stanova/odlican-3-5-stan-u-centru-grada-id1291/5425646034595?kid=4,,,CG,None
https://www.halooglasi.com/nekretnine/prodaja-stanova/luksuzna-nekretnina-retko-u-ponudi-220m232m2t/5425645639505?kid=4,Novogradnja,Lux,CG,"Garaža, Parking"
https://www.halooglasi.com/nekretnine/prodaja-stanova/vlasnik---lux-salonac---uknjizen---useljiv-od/5425645765749?kid=4,Stara gradnja,Lux,Toplotne pumpe,None
https://www.halooglasi.com/nekretnine/prodaja-stanova/moderan-trosoban-stan-kod-zvezdinog-stadiona/5425645925388?kid=4,Novogradnja,,,None
https://www.halooglasi.com/nekretnine/prodaja-stanova/luksuzna-nekretnina-retko-u-ponudi-220m232m2t/5425645639505?kid=4,Novogradnja,Lux,CG,"Garaža, Parking"
https://www.halooglasi.com/nekretnine/prodaja-stanova/odlican-3-5-stan-u-centru-grada-id1291/5425646034595?kid=4,,,CG,None
https://www.halooglasi.com/nekretnine/prodaja-stanova/beograd-knez-mihailova-stan-4-0-127m2/5425645640384?kid=4,Stara gradnja,Izvorno stanje,TA,None
https://www.halooglasi.com/nekretnine/prodaja-stanova/extra-lux-stan-u-izgradnji--bez-provizije/5425644304484?kid=4,Novogradnja,Lux,EG,Garaža
https://www.halooglasi.com/nekretnine/prodaja-stanova/extra-lux-stan-na-lekinom-brdu--bez-provizije/5425645705097?kid=4,Novogradnja,Lux,Podno,Garaža
https://www.halooglasi.com/nekretnine/prodaja-stanova/top-investicija---jednoiposoban-33m2-id1290/5425646034596?kid=4,,,CG,None
https://www.halooglasi.com/nekretnine/prodaja-stanova/odlican-dvoiposoban-stan/5425645991030?kid=4,,Renovirano,CG,None
https://www.halooglasi.com/nekretnine/prodaja-stanova/arena-blok-29-4-0-108m2-i/5425645784543?kid=4,Novogradnja,Izvorno stanje,CG,None
https://www.halooglasi.com/nekretnine/prodaja-stanova/trosoban-stan-izuzetnog-kvaliteta-gradnje/5425646034614?kid=4,,Lux,Podno,"Garaža, Parking"
https://www.halooglasi.com/nekretnine/prodaja-stanova/extra-lux-stan-na-lekinom-brdu--bez-provizije/5425645705097?kid=4,Novogradnja,Lux,Podno,Garaža
https://www.halooglasi.com/nekretnine/prodaja-stanova/odlican-dvoiposoban-stan/5425645991030?kid=4,,Renovirano,CG,None
https://www.halooglasi.com/nekretnine/prodaja-stanova/extra-lux-stan-na-crvenom-krstu-bez-provizije/5425644599288?kid=4,Novogradnja,Lux,Toplotne pumpe,Garaža
https://www.halooglasi.com/nekretnine/prodaja-stanova/beograd-knez-mihailova-stan-4-0-127m2/5425645640384?kid=4,Stara gradnja,Izvorno stanje,TA,None
https://www.halooglasi.com/nekretnine/prodaja-stanova/dupleks-na-ceraku-pristinska-id1932/5425645239800?kid=4,Stara gradnja,Za renoviranje,TA,None
https://www.halooglasi.com/nekretnine/prodaja-stanova/odlican-3-5-stan-u-centru-grada-id1291/5425646034595?kid=4,,,CG,None
https://www.halooglasi.com/nekretnine/prodaja-stanova/lux-renoviran-sa-garazom-u-ceni/5425646036700?kid=4,Stara gradnja,Renovirano,Podno,Garaža
https://www.halooglasi.com/nekretnine/prodaja-stanova/odlican-dvoiposoban-stan/5425645991030?kid=4,,Renovirano,CG,None
https://www.halooglasi.com/nekretnine/prodaja-stanova/odlican-3-5-stan-u-centru-grada-id1291/5425646034595?kid=4,,,CG,None
https://www.halooglasi.com/nekretnine/prodaja-stanova/divan-penthaus-u-srcu-vracara-kalenic-id1640/5425645535245?kid=4,Stara gradnja,Lux,CG,None
https://www.halooglasi.com/nekretnine/prodaja-stanova/luksuzna-nekretnina-retko-u-ponudi-220m232m2t/5425645639505?kid=4,Novogradnja,Lux,CG,"Garaža, Parking"
https://www.halooglasi.com/nekretnine/prodaja-stanova/beograd-knez-mihailova-stan-4-0-127m2/5425645640384?kid=4,Stara gradnja,Izvorno stanje,TA,None
https://www.halooglasi.com/nekretnine/prodaja-stanova/extra-lux-stan-na-lekinom-brdu--bez-provizije/5425645705097?kid=4,Novogradnja,Lux,Podno,Garaža
https://www.halooglasi.com/nekretnine/prodaja-stanova/dupleks-na-ceraku-pristinska-id1932/5425645239800?kid=4,Stara gradnja,Za renoviranje,TA,None
https://www.halooglasi.com/nekretnine/prodaja-stanova/vlasnik---lux-salonac---uknjizen---useljiv-od/5425645765749?kid=4,Stara gradnja,Lux,Toplotne pumpe,None
https://www.halooglasi.com/nekretnine/prodaja-stanova/extra-lux-stan-kod-vuk-spomenika-bez-provizij/5425636344247?kid=4,Novogradnja,Lux,CG,Garaža
https://www.halooglasi.com/nekretnine/prodaja-stanova/arena-blok-29-4-0-108m2-i/5425645784543?kid=4,Novogradnja,Izvorno stanje,CG,None
https://www.halooglasi.com/nekretnine/prodaja-stanova/extra-lux-stan-u-izgradnji--bez-provizije/5425644304484?kid=4,Novogradnja,Lux,EG,Garaža
https://www.halooglasi.com/nekretnine/prodaja-stanova/brace-jerkovic-novogradnja/5425645885272?kid=4,Novogradnja,Izvorno stanje,EG,None
https://www.halooglasi.com/nekretnine/prodaja-stanova/beograd-knez-mihailova-stan-4-0-127m2/5425645640384?kid=4,Stara gradnja,Izvorno stanje,TA,None
https://www.halooglasi.com/nekretnine/prodaja-stanova/odlican-dvoiposoban-stan/5425645991030?kid=4,,Renovirano,CG,None
https://www.halooglasi.com/nekretnine/prodaja-stanova/moderan-trosoban-stan-kod-zvezdinog-stadiona/5425645925388?kid=4,Novogradnja,,,None
https://www.halooglasi.com/nekretnine/prodaja-stanova/luksuzna-nekretnina-retko-u-ponudi-220m232m2t/5425645639505?kid=4,Novogradnja,Lux,CG,"Garaža, Parking"
https://www.halooglasi.com/nekretnine/prodaja-stanova/prodaja-stana-vozdovac-vojvode-stepe-3-0/5425646036690?kid=4,Novogradnja,,,None
https://www.halooglasi.com/nekretnine/prodaja-stanova/extra-lux-stan-u-izgradnji--bez-provizije/5425644304484?kid=4,Novogradnja,Lux,EG,Garaža
https://www.halooglasi.com/nekretnine/prodaja-stanova/beograd-knez-mihailova-stan-4-0-127m2/5425645640384?kid=4,Stara gradnja,Izvorno stanje,TA,None
https://www.halooglasi.com/nekretnine/prodaja-stanova/brace-jerkovic-novogradnja/5425645885272?kid=4,Novogradnja,Izvorno stanje,EG,None
https://www.halooglasi.com/nekretnine/prodaja-stanova/vlasnik---lux-salonac---uknjizen---useljiv-od/5425645765749?kid=4,Stara gradnja,Lux,Toplotne pumpe,None
https://www.halooglasi.com/nekretnine/prodaja-stanova/prodaja-stana-vozdovac-vojvode-stepe-3-0/5425646036690?kid=4,Novogradnja,,,None
https://www.halooglasi.com/nekretnine/prodaja-stanova/odlican-3-5-stan-u-centru-grada-id1291/5425646034595?kid=4,,,CG,None
https://www.halooglasi.com/nekretnine/prodaja-stanova/luksuzna-nekretnina-retko-u-ponudi-220m232m2t/5425645639505?kid=4,Novogradnja,Lux,CG,"Garaža, Parking"
https://www.halooglasi.com/nekretnine/prodaja-stanova/uknjizena-garsonjera---zvezdara-id3935/5425645948325?kid=4,Novogradnja,,EG,None
https://www.halooglasi.com/nekretnine/prodaja-stanova/vlasnik---lux-salonac---uknjizen---useljiv-od/5425645765749?kid=4,Stara gradnja,Lux,Toplotne pumpe,None
https://www.halooglasi.com/nekretnine/prodaja-stanova/extra-lux-stan-na-lekinom-brdu--bez-provizije/5425645705097?kid=4,Novogradnja,Lux,Podno,Garaža
https://www.halooglasi.com/nekretnine/prodaja-stanova/extra-lux-stan-na-crvenom-krstu-bez-provizije/5425644599288?kid=4,Novogradnja,Lux,Toplotne pumpe,Garaža
https://www.halooglasi.com/nekretnine/prodaja-stanova/extra-lux-stan-u-izgradnji--bez-provizije/5425644304484?kid=4,Novogradnja,Lux,EG,Garaža
https://www.halooglasi.com/nekretnine/prodaja-stanova/moderan-trosoban-stan-kod-zvezdinog-stadiona/5425645925388?kid=4,Novogradnja,,,None
https://www.halooglasi.com/nekretnine/prodaja-stanova/odlican-dvoiposoban-stan/5425645991030?kid=4,,Renovirano,CG,None
https://www.halooglasi.com/nekretnine/prodaja-stanova/dupleks-na-ceraku-pristinska-id1932/5425645239800?kid=4,Stara gradnja,Za renoviranje,TA,None
https://www.halooglasi.com/nekretnine/prodaja-stanova/trosoban-stan-izuzetnog-kvaliteta-gradnje/5425646034614?kid=4,,Lux,Podno,"Garaža, Parking"
https://www.halooglasi.com/nekretnine/prodaja-stanova/lux-penthouse-sa-privatnim-bazenom-na-terasi/5425645748613?kid=4,Novogradnja,Lux,Toplotne pumpe,Garaža
https://www.halooglasi.com/nekretnine/prodaja-stanova/luksuzna-nekretnina-retko-u-ponudi-220m232m2t/5425645639505?kid=4,Novogradnja,Lux,CG,"Garaža, Parking"
https://www.halooglasi.com/nekretnine/prodaja-stanova/extra-lux-stan-u-izgradnji--bez-provizije/5425644304484?kid=4,Novogradnja,Lux,EG,Garaža
https://www.halooglasi.com/nekretnine/prodaja-stanova/extra-lux-stan-kod-vuk-spomenika-bez-provizij/5425636344247?kid=4,Novogradnja,Lux,CG,Garaža
https://www.halooglasi.com/nekretnine/prodaja-stanova/uknjizena-garsonjera---zvezdara-id3935/5425645948325?kid=4,Novogradnja,,EG,None
https://www.halooglasi.com/nekretnine/prodaja-stanova/odlican-dvoiposoban-stan/5425645991030?kid=4,,Renovirano,CG,None
https://www.halooglasi.com/nekretnine/prodaja-stanova/dupleks-na-ceraku-pristinska-id1932/5425645239800?kid=4,Stara gradnja,Za renoviranje,TA,None
https://www.halooglasi.com/nekretnine/prodaja-stanova/arena-blok-29-4-0-108m2-i/5425645784543?kid=4,Novogradnja,Izvorno stanje,CG,None
https://www.halooglasi.com/nekretnine/prodaja-stanova/odlican-3-5-stan-u-centru-grada-id1291/5425646034595?kid=4,,,CG,None
https://www.halooglasi.com/nekretnine/prodaja-stanova/lux-penthouse-sa-privatnim-bazenom-na-terasi/5425645748613?kid=4,Novogradnja,Lux,Toplotne pumpe,Garaža
https://www.halooglasi.com/nekretnine/prodaja-stanova/moderan-trosoban-stan-kod-zvezdinog-stadiona/5425645925388?kid=4,Novogradnja,,,None
https://www.halooglasi.com/nekretnine/prodaja-stanova/divan-penthaus-u-srcu-vracara-kalenic-id1640/5425645535245?kid=4,Stara gradnja,Lux,CG,None
https://www.halooglasi.com/nekretnine/prodaja-stanova/dupleks-na-ceraku-pristinska-id1932/5425645239800?kid=4,Stara gradnja,Za renoviranje,TA,None
https://www.halooglasi.com/nekretnine/prodaja-stanova/vlasnik---lux-salonac---uknjizen---useljiv-od/5425645765749?kid=4,Stara gradnja,Lux,Toplotne pumpe,None
https://www.halooglasi.com/nekretnine/prodaja-stanova/odlican-dvoiposoban-stan/5425645991030?kid=4,,Renovirano,CG,None
https://www.halooglasi.com/nekretnine/prodaja-stanova/extra-lux-stan-u-izgradnji--bez-provizije/5425644304484?kid=4,Novogradnja,Lux,EG,Garaža
https://www.halooglasi.com/nekretnine/prodaja-stanova/beograd-knez-mihailova-stan-4-0-127m2/5425645640384?kid=4,Stara gradnja,Izvorno stanje,TA,None
https://www.halooglasi.com/nekretnine/prodaja-stanova/extra-lux-stan-u-izgradnji--bez-provizije/5425644304484?kid=4,Novogradnja,Lux,EG,Garaža
https://www.halooglasi.com/nekretnine/prodaja-stanova/extra-lux-stan-kod-vuk-spomenika-bez-provizij/5425636344247?kid=4,Novogradnja,Lux,CG,Garaža
https://www.halooglasi.com/nekretnine/prodaja-stanova/lux-penthouse-sa-privatnim-bazenom-na-terasi/5425645748613?kid=4,Novogradnja,Lux,Toplotne pumpe,Garaža
https://www.halooglasi.com/nekretnine/prodaja-stanova/extra-lux-stan-na-lekinom-brdu--bez-provizije/5425645705097?kid=4,Novogradnja,Lux,Podno,Garaža
https://www.halooglasi.com/nekretnine/prodaja-stanova/uknjizena-garsonjera---zvezdara-id3935/5425645948325?kid=4,Novogradnja,,EG,None
https://www.halooglasi.com/nekretnine/prodaja-stanova/extra-lux-stan-kod-vuk-spomenika-bez-provizij/5425636344247?kid=4,Novogradnja,Lux,CG,Garaža
https://www.halooglasi.com/nekretnine/prodaja-stanova/vlasnik---lux-salonac---uknjizen---useljiv-od/5425645765749?kid=4,Stara gradnja,Lux,Toplotne pumpe,None
https://www.halooglasi.com/nekretnine/prodaja-stanova/beograd-knez-mihailova-stan-4-0-127m2/5425645640384?kid=4,Stara gradnja,Izvorno stanje,TA,None
https://www.halooglasi.com/nekretnine/prodaja-stanova/lux-penthouse-sa-privatnim-bazenom-na-terasi/5425645748613?kid=4,Novogradnja,Lux,Toplotne pumpe,Garaža
https://www.halooglasi.com/nekretnine/prodaja-stanova/prodaja-stana-vozdovac-vojvode-stepe-3-0/5425646036690?kid=4,Novogradnja,,,None
https://www.halooglasi.com/nekretnine/prodaja-stanova/uknjizena-garsonjera---zvezdara-id3935/5425645948325?kid=4,Novogradnja,,EG,None
https://www.halooglasi.com/nekretnine/prodaja-stanova/arena-blok-29-4-0-108m2-i/5425645784543?kid=4,Novogradnja,Izvorno stanje,CG,None
https://www.halooglasi.com/nekretnine/prodaja-stanova/extra-lux-stan-na-lekinom-brdu--bez-provizije/5425645705097?kid=4,Novogradnja,Lux,Podno,Garaža
https://www.halooglasi.com/nekretnine/prodaja-stanova/extra-lux-stan-na-crvenom-krstu-bez-provizije/5425644599288?kid=4,Novogradnja,Lux,Toplotne pumpe,Garaža
https://www.halooglasi.com/nekretnine/prodaja-stanova/luksuzna-nekretnina-retko-u-ponudi-220m232m2t/5425645639505?kid=4,Novogradnja,Lux,CG,"Garaža, Parking"
https://www.halooglasi.com/nekretnine/prodaja-stanova/odlican-3-5-stan-u-centru-grada-id1291/5425646034595?kid=4,,,CG,None
https://www.halooglasi.com/nekretnine/prodaja-stanova/uknjizena-garsonjera---zvezdara-id3935/5425645948325?kid=4,Novogradnja,,EG,None
https://www.halooglasi.com/nekretnine/prodaja-stanova/extra-lux-stan-na-lekinom-brdu--bez-provizije/5425645705097?kid=4,Novogradnja,Lux,Podno,Garaža
https://www.halooglasi.com/nekretnine/prodaja-stanova/prodaja-stana-vozdovac-vojvode-stepe-3-0/5425646036690?kid=4,Novogradnja,,,None
https://www.halooglasi.com/nekretnine/prodaja-stanova/brace-jerkovic-novogradnja/5425645885272?kid=4,Novogradnja,Izvorno stanje,EG,None
https://www.halooglasi.com/nekretnine/prodaja-stanova/lux-penthouse-sa-privatnim-bazenom-na-terasi/5425645748613?kid=4,Novogradnja,Lux,Toplotne pumpe,Garaža
https://www.halooglasi.com/nekretnine/prodaja-stanova/dupleks-na-ceraku-pristinska-id1932/5425645239800?kid=4,Stara gradnja,Za renoviranje,TA,None
https://www.halooglasi.com/nekretnine/prodaja-stanova/extra-lux-stan-kod-vuk-spomenika-bez-provizij/5425636344247?kid=4,Novogradnja,Lux,CG,Garaža
https://www.halooglasi.com/nekretnine/prodaja-stanova/brace-jerkovic-novogradnja/5425645885272?kid=4,Novogradnja,Izvorno stanje,EG,None
https://www.halooglasi.com/nekretnine/prodaja-stanova/odlican-3-5-stan-u-centru-grada-id1291/5425646034595?kid=4,,,CG,None
https://www.halooglasi.com/nekretnine/prodaja-stanova/arena-blok-29-4-0-108m2-i/5425645784543?kid=4,Novogradnja,Izvorno stanje,CG,None
https://www.halooglasi.com/nekretnine/prodaja-stanova/beograd-knez-mihailova-stan-4-0-127m2/5425645640384?kid=4,Stara gradnja,Izvorno stanje,TA,None
https://www.halooglasi.com/nekretnine/prodaja-stanova/lux-renoviran-sa-garazom-u-ceni/5425646036700?kid=4,Stara gradnja,Renovirano,Podno,Garaža
https://www.halooglasi.com/nekretnine/prodaja-stanova/uknjizena-garsonjera---zvezdara-id3935/5425645948325?kid=4,Novogradnja,,EG,None
https://www.halooglasi.com/nekretnine/prodaja-stanova/dupleks-na-ceraku-pristinska-id1932/5425645239800?kid=4,Stara gradnja,Za renoviranje,TA,None
https://www.halooglasi.com/nekretnine/prodaja-stanova/extra-lux-stan-u-izgradnji--bez-provizije/5425644304484?kid=4,Novogradnja,Lux,EG,Garaža
https://www.halooglasi.com/nekretnine/prodaja-stanova/vlasnik---lux-salonac---uknjizen---useljiv-od/5425645765749?kid=4,Stara gradnja,Lux,Toplotne pumpe,None
https://www.halooglasi.com/nekretnine/prodaja-stanova/lux-penthouse-sa-privatnim-bazenom-na-terasi/5425645748613?kid=4,Novogradnja,Lux,Toplotne pumpe,Garaža
https://www.halooglasi.com/nekretnine/prodaja-stanova/odlican-dvoiposoban-stan/5425645991030?kid=4,,Renovirano,CG,None
https://www.halooglasi.com/nekretnine/prodaja-stanova/divan-penthaus-u-srcu-vracara-kalenic-id1640/5425645535245?kid=4,Stara gradnja,Lux,CG,None
https://www.halooglasi.com/nekretnine/prodaja-stanova/beograd-knez-mihailova-stan-4-0-127m2/5425645640384?kid=4,Stara gradnja,Izvorno stanje,TA,None
https://www.halooglasi.com/nekretnine/prodaja-stanova/brace-jerkovic-novogradnja/5425645885272?kid=4,Novogradnja,Izvorno stanje,EG,None
https://www.halooglasi.com/nekretnine/prodaja-stanova/top-investicija---jednoiposoban-33m2-id1290/5425646034596?kid=4,,,CG,None
https://www.halooglasi.com/nekretnine/prodaja-stanova/extra-lux-stan-kod-vuk-spomenika-bez-provizij/5425636344247?kid=4,Novogradnja,Lux,CG,Garaža
https://www.halooglasi.com/nekretnine/prodaja-stanova/extra-lux-stan-na-crvenom-krstu-bez-provizije/5425644599288?kid=4,Novogradnja,Lux,Toplotne pumpe,Garaža
https://www.halooglasi.com/nekretnine/prodaja-stanova/moderan-trosoban-stan-kod-zvezdinog-stadiona/5425645925388?kid=4,Novogradnja,,,None
https://www.halooglasi.com/nekretnine/prodaja-stanova/extra-lux-stan-kod-vuk-spomenika-bez-provizij/5425636344247?kid=4,Novogradnja,Lux,CG,Garaža
https://www.halooglasi.com/nekretnine/prodaja-stanova/extra-lux-stan-na-crvenom-krstu-bez-provizije/5425644599288?kid=4,Novogradnja,Lux,Toplotne pumpe,Garaža
https://www.halooglasi.com/nekretnine/prodaja-stanova/luksuzna-nekretnina-retko-u-ponudi-220m232m2t/5425645639505?kid=4,Novogradnja,Lux,CG,"Garaža, Parking"
https://www.halooglasi.com/nekretnine/prodaja-stanova/top-investicija---jednoiposoban-33m2-id1290/5425646034596?kid=4,,,CG,None
https://www.halooglasi.com/nekretnine/prodaja-stanova/odlican-dvoiposoban-stan/5425645991030?kid=4,,Renovirano,CG,None
https://www.halooglasi.com/nekretnine/prodaja-stanova/dupleks-na-ceraku-pristinska-id1932/5425645239800?kid=4,Stara gradnja,Za renoviranje,TA,None
https://www.halooglasi.com/nekretnine/prodaja-stanova/vlasnik---lux-salonac---uknjizen---useljiv-od/5425645765749?kid=4,Stara gradnja,Lux,Toplotne pumpe,None
https://www.halooglasi.com/nekretnine/prodaja-stanova/arena-blok-29-4-0-108m2-i/5425645784543?kid=4,Novogradnja,Izvorno stanje,CG,None
https://www.halooglasi.com/nekretnine/prodaja-stanova/divan-penthaus-u-srcu-vracara-kalenic-id1640/5425645535245?kid=4,Stara gradnja,Lux,CG,None
